,Country,1970,1971,1972,1973,1974,1975,1976,1977,1978,1979,1980,1981,1982,1983,1984,1985,1986,1987,1988,1989,1990,1991,1992,1993,1994,1995,1996,1997,1998,1999,2000,2001,2002,2003,2004,2005,2006,2007,2008,2009,2010,2011,2012,2013,2014,2015,2016,2017,2018,M49 code,ISO-alpha3 code
0,Afghanistan,..,..,..,..,..,..,..,..,..,..,..,..,..,..,..,..,..,..,..,..,..,..,..,..,..,..,..,..,..,..,..,..,..,..,..,..,..,..,..,..,..,..,..,..,..,..,..,..,..,004,AFG
1,Åland Islands,..,..,..,..,..,..,..,..,..,..,..,..,..,..,..,..,..,..,..,..,..,..,..,..,..,..,..,..,..,..,..,..,..,..,..,..,..,..,..,..,..,..,..,..,..,..,..,..,..,248,ALA
2,Albania,..,..,..,..,..,..,..,..,..,..,..,..,..,..,..,..,..,..,..,..,..,..,..,..,..,..,..,..,..,..,21.27382,20.62862,..,..,..,..,..,..,..,..,..,..,..,9.99865,9.48054,9.36823,9.67315,7.72707,..,008,ALB
3,Algeria,..,..,..,..,..,..,..,..,..,..,..,..,..,..,44.39429,..,..,..,..,..,..,..,..,..,..,..,..,..,..,..,..,..,..,..,..,..,..,..,..,..,..,..,..,..,..,..,..,..,..,012,DZA
4,American Samoa,..,..,..,..,..,..,..,..,..,..,..,..,..,..,..,..,..,..,..,..,..,..,..,..,..,..,..,..,..,..,..,..,..,..,..,..,..,..,..,..,..,..,..,..,..,..,..,..,..,016,ASM
5,Andorra,..,..,..,..,..,..,..,..,..,..,..,..,..,..,..,..,..,..,..,..,..,..,..,..,..,..,..,..,..,..,..,..,..,..,..,..,..,..,..,..,..,..,..,..,..,..,..,..,..,020,AND
6,Angola,..,..,..,..,..,..,..,..,..,..,..,..,..,..,..,..,..,..,..,..,..,..,..,..,..,..,..,..,..,..,..,..,..,..,..,..,..,..,43.54306,44.02296,43.88258,..,..,..,..,..,..,..,..,024,AGO
7,Anguilla,..,..,..,..,..,..,..,..,..,..,..,..,..,..,..,..,..,..,..,..,..,..,..,..,..,..,..,..,..,..,..,..,..,..,..,..,..,..,..,..,..,..,..,..,..,..,..,..,..,660,AIA
8,Antigua and Barbuda,..,..,..,..,..,..,..,..,..,..,..,..,..,..,..,..,..,..,..,..,..,..,..,..,..,..,..,..,..,..,..,..,..,..,..,..,..,..,..,15.35838,15.30086,..,17.59157,..,21.00924,19.66214,..,19.99191,..,028,ATG
9,Argentina,..,..,..,..,20.03826,19.38787,..,..,..,..,..,..,..,..,..,..,..,..,..,..,..,..,..,..,..,..,..,..,7.20817,5.29052,4.89755,4.07418,3.94192,4.02721,4.49731,4.42694,3.65556,3.29235,2.47179,2.94537,2.99075,2.42965,2.0865,1.99879,1.8286,1.62876,2.08185,..,..,032,ARG
10,Armenia,..,..,..,..,..,..,..,..,..,..,..,..,..,..,..,..,..,..,..,..,..,..,..,..,..,..,..,..,..,..,..,..,..,..,..,..,..,5.01239,..,..,..,6.55223,..,..,..,..,..,..,..,051,ARM
11,Aruba,..,..,..,..,..,..,..,..,..,..,..,..,..,..,..,..,..,..,..,..,..,..,..,..,..,..,..,..,..,2.23132,3.52748,5.63291,4.25871,7.77209,8.16445,6.16545,..,2.53899,3.89792,4.26031,..,..,..,..,..,..,..,..,..,533,ABW
12,Australia,..,..,..,..,..,..,..,..,..,..,..,..,..,..,..,..,..,..,..,..,..,..,..,4.54936,4.56884,5.32517,4.44697,..,..,..,..,..,..,..,..,..,..,..,..,..,..,..,..,..,..,1.39292,1.72463,2.10905,..,036,AUS
13,Austria,..,..,..,..,..,..,..,..,..,..,..,..,..,..,..,..,..,..,..,..,..,..,..,..,..,..,..,..,..,..,..,..,..,..,..,..,..,..,..,..,..,..,..,..,..,..,..,..,..,040,AUT
14,Azerbaijan,..,..,..,..,..,..,..,..,..,..,..,..,..,..,..,..,..,..,..,..,..,..,..,..,..,..,..,..,..,..,..,..,..,..,..,..,..,..,..,..,..,..,..,9.45653,8.33503,7.41529,..,..,..,031,AZE
15,Bahamas,..,..,..,..,..,..,..,..,..,..,..,..,..,..,..,..,..,..,..,..,..,..,..,..,..,..,..,..,..,16.76178,..,..,..,..,8.37853,5.38233,4.09966,1.47376,1.61173,3.41161,3.69604,..,..,..,..,..,8.15526,..,..,044,BHS
16,Bahrain,..,..,..,..,..,..,..,25.7384,25.92624,23.16608,..,..,22.17709,15.34698,13.00386,7.7478,4.27564,5.88337,..,4.38687,..,..,..,..,0.85403,0.15624,..,2.67702,3.41134,4.03652,3.60192,3.34222,4.43112,4.7818,4.70877,5.85925,4.0912,..,..,..,..,8.44446,9.03995,7.81575,5.31238,3.21756,1.71926,1.89944,..,048,BHR
17,Bangladesh,..,..,..,..,..,..,..,..,..,..,..,..,..,..,..,..,..,..,..,..,..,..,..,..,..,..,..,..,..,..,..,..,..,..,..,31.40883,30.64989,..,..,28.29708,26.20375,..,..,..,..,..,..,13.71993,..,050,BGD
18,Barbados,..,..,..,..,..,..,..,..,..,..,..,..,..,10.51236,..,..,..,..,..,7.82188,..,..,..,..,..,..,..,..,..,3.16698,5.354,7.7049,8.10019,7.48104,6.45553,7.41911,6.28626,4.95781,5.38231,6.80186,6.74978,4.79723,..,..,4.80528,3.55,3.05586,5.23404,..,052,BRB
19,Belarus,..,..,..,..,..,..,..,..,..,..,..,..,..,..,..,..,..,..,..,..,..,..,..,..,..,..,..,..,..,..,..,..,..,..,..,..,..,..,..,..,4.84781,5.35789,4.71004,3.88196,3.32775,1.81387,1.36021,2.16664,..,112,BLR
20,Belgium,..,..,..,..,..,..,..,9.4501,..,..,..,..,..,..,..,..,..,..,..,..,..,..,..,1.3105,..,..,..,..,..,1.17674,1.29058,0.85809,0.85595,1.02685,1.69631,1.95424,1.94817,2.04827,1.9248,2.04008,2.52188,2.46586,2.06847,1.78886,1.87951,1.84203,1.64191,..,..,056,BEL
21,Belize,..,..,..,..,..,..,..,..,..,..,..,..,..,..,..,..,..,..,..,..,..,..,..,..,..,..,..,..,..,13.13082,13.18029,13.55777,..,9.87426,..,11.54674,10.91608,11.30211,12.16712,12.05395,12.04693,11.95983,9.93833,10.42777,10.7557,10.86038,9.70342,10.27449,..,084,BLZ
22,Benin,..,..,..,..,..,..,..,..,..,..,..,..,..,..,..,..,..,..,..,..,..,..,..,..,..,..,..,..,..,..,..,..,..,..,..,..,..,..,..,..,..,..,..,30.51102,..,..,..,..,..,204,BEN
23,Bermuda,..,..,..,..,..,..,..,..,..,..,..,..,..,..,..,..,..,..,..,..,..,..,..,..,..,..,..,..,..,..,..,..,..,..,..,..,..,..,..,..,..,16.52716,..,..,..,..,..,..,..,060,BMU
24,Bhutan,..,..,..,..,..,..,..,..,..,..,..,..,..,..,..,..,..,..,..,..,..,..,..,..,..,..,..,..,55.07545,53.25872,50.59638,48.00304,..,..,..,36.49726,32.96244,..,26.42758,22.62255,18.94145,17.10785,14.76907,16.45959,..,15.66503,16.43784,16.52545,..,064,BTN
25,Bolivia (Plurinational State of),..,..,..,..,..,..,..,..,..,..,..,..,..,..,..,..,..,..,..,..,..,..,..,..,..,..,..,..,..,..,13.58744,12.45249,10.36087,9.33136,8.27077,7.97365,7.9331,7.95181,8.40875,9.6261,10.98763,12.62627,12.82493,12.83494,13.08497,12.77864,12.41871,12.23217,..,068,BOL
26,Bosnia and Herzegovina,..,..,..,..,..,..,..,..,..,..,..,..,..,..,..,..,..,..,..,..,..,..,..,..,..,..,..,..,..,..,..,..,..,..,..,..,..,..,..,..,..,..,..,..,..,..,..,..,..,070,BIH
27,Botswana,..,63.51413,62.86544,55.91531,53.00674,48.21183,45.18254,41.66094,40.22694,37.9209,34.31621,..,..,..,..,..,..,..,..,23.00035,..,..,..,..,..,19.26499,..,..,15.39446,13.66617,12.34654,..,11.59773,10.90619,..,..,..,..,..,..,..,..,..,..,..,..,..,..,..,072,BWA
28,Brazil,..,..,..,..,..,..,..,..,..,..,..,..,..,..,..,..,..,..,..,..,..,..,..,..,..,..,..,..,..,..,..,..,..,..,..,5.35864,..,8.20115,..,4.65985,..,6.3816,6.78335,6.1972,5.93439,7.17521,6.56553,..,..,076,BRA
29,British Virgin Islands,..,..,..,..,..,..,..,..,..,..,..,..,..,..,..,..,..,..,..,..,..,..,..,..,..,..,..,..,..,..,..,..,..,..,..,..,..,..,..,..,..,..,..,..,..,..,..,..,..,092,VGB
30,Brunei Darussalam,..,..,..,..,..,..,..,..,..,21.61706,21.71355,21.35777,22.023,20.77029,21.10418,..,..,..,..,..,..,..,..,..,..,..,..,..,..,..,..,..,..,..,..,6.7072,7.18189,7.14427,7.45229,6.16824,4.67008,4.70473,4.22808,4.35844,7.33253,9.32006,8.80969,8.43302,..,096,BRN
31,Bulgaria,..,..,..,..,..,..,..,..,..,..,..,..,..,..,..,..,..,..,..,..,..,..,..,..,..,..,..,..,9.69808,9.05607,8.78573,8.19208,8.27055,9.87712,9.37381,10.05335,10.74183,10.23381,11.07728,11.65461,11.15261,9.59498,9.28597,8.65109,7.81901,7.54583,8.74063,..,..,100,BGR
32,Burkina Faso,..,..,..,..,..,..,..,..,..,..,..,..,..,..,..,..,..,..,..,..,..,..,..,..,..,..,..,..,..,79.31887,..,78.90474,..,76.85964,75.39644,72.50042,70.04619,66.75018,62.1914,59.02354,54.87821,51.56834,49.46079,47.10279,..,42.65071,40.601,38.72882,..,854,BFA
33,Burundi,..,..,..,..,..,..,..,..,..,..,..,..,..,..,..,..,..,..,..,..,..,..,..,..,..,..,..,..,..,..,..,..,..,..,..,..,..,..,..,33.76515,28.56146,..,..,..,..,..,..,19.44688,..,108,BDI
34,Cambodia,..,..,..,..,..,..,..,..,..,..,..,..,..,..,..,..,..,..,..,..,..,..,..,..,..,..,..,..,51.99141,52.49652,50.29673,..,..,41.16653,..,..,30.42794,24.2807,24.99841,..,..,..,..,..,..,..,..,..,..,116,KHM
35,Cameroon,..,59.45438,58.6952,..,..,..,..,..,..,..,..,..,..,..,..,..,..,..,..,..,..,..,..,..,..,..,..,..,..,..,..,..,..,..,..,..,..,..,..,..,..,..,30.22651,..,28.03959,26.90391,..,..,..,120,CMR
36,Canada,..,..,..,..,..,..,..,..,..,..,..,..,..,..,..,..,..,..,..,..,..,..,..,..,..,..,..,..,..,..,..,..,..,..,..,..,..,..,..,..,..,..,4.01247,4.08406,4.36629,3.94646,2.1703,..,..,124,CAN
37,Cabo Verde,..,..,..,..,..,..,..,..,..,..,..,..,..,..,..,..,..,..,..,..,..,..,..,..,..,..,..,..,..,..,..,..,10.73582,11.6244,13.24031,12.24699,12.16971,12.73699,..,14.41056,..,..,17.38251,18.05584,18.83107,19.56683,20.20905,20.30752,..,132,CPV
38,Cayman Islands,..,..,..,..,..,..,..,..,..,..,..,..,..,..,..,..,..,..,..,..,..,..,..,..,..,..,..,..,..,..,..,..,..,..,..,..,..,..,..,..,..,..,..,..,..,..,..,..,..,136,CYM
39,Central African Republic,..,..,..,..,..,..,..,..,..,..,..,..,..,..,..,..,..,..,..,..,..,..,..,..,..,..,..,..,..,..,..,..,..,..,..,..,..,..,..,60.8767,..,59.11413,57.60575,..,..,..,..,..,..,140,CAF
40,Chad,..,..,..,..,..,..,..,..,..,..,..,..,..,..,..,..,..,..,..,..,..,..,..,..,..,..,..,..,76.67488,74.95463,73.08231,71.18476,68.94767,67.66742,..,..,..,..,..,..,..,..,..,..,..,52.8692,54.99184,..,..,148,TCD
41,Channel Islands,..,..,..,..,..,..,..,..,..,..,..,..,..,..,..,..,..,..,..,..,..,..,..,..,..,..,..,..,..,..,..,..,..,..,..,..,..,..,..,..,..,..,..,..,..,..,..,..,..,,
42,Chile,..,..,..,..,..,..,..,..,..,..,..,..,..,..,..,..,..,..,..,..,..,..,..,..,..,..,..,..,..,..,..,..,..,..,..,..,..,4.46598,5.07224,7.22657,6.07105,6.78957,7.85381,7.36733,7.42358,7.17178,6.66562,6.01997,..,152,CHL
43,China,..,..,..,..,..,..,..,..,..,..,..,..,..,..,..,..,..,..,..,..,..,..,..,..,..,..,..,..,..,..,..,..,..,..,..,..,..,..,..,..,..,..,..,..,..,..,..,..,..,156,CHN
44,"China, Hong Kong Special Administrative Region",..,..,..,..,..,..,..,..,..,..,..,..,..,..,..,..,..,..,..,..,..,..,..,..,..,..,..,..,..,..,..,..,..,..,..,..,..,..,..,..,..,..,5.5103,5.79631,5.88533,5.75037,4.33281,3.79582,..,344,HKG
45,"China, Macao Special Administrative Region",..,..,..,..,..,..,..,..,..,..,..,..,..,..,..,..,..,..,..,..,19.91912,..,17.07615,..,..,..,..,..,..,15.16948,13.10303,12.84864,15.16308,17.62279,19.28045,20.27101,20.20355,20.86921,20.83692,20.06243,16.75025,17.3218,16.54453,15.29175,13.25869,10.24526,6.53047,4.35993,..,446,MAC
46,Colombia,..,..,..,..,..,..,..,..,..,..,..,..,..,..,..,..,..,..,..,..,..,..,..,..,..,..,..,..,..,..,..,..,..,..,..,10.37011,8.2913,6.94952,6.69993,5.4703,4.86049,4.163,5.87702,5.64407,7.35867,7.43548,7.16934,7.35868,..,170,COL
47,Comoros,..,..,..,..,..,..,..,..,..,..,..,..,..,..,..,..,..,..,..,..,..,..,..,..,..,..,..,..,..,..,..,..,..,..,..,..,..,..,..,..,..,..,..,26.81585,27.54582,..,..,28.00023,..,174,COM
48,Congo,..,..,..,..,34.30284,..,28.19763,..,..,..,..,..,..,..,..,..,..,..,..,..,..,..,..,..,..,..,..,..,..,..,..,..,..,..,..,..,..,..,..,..,..,..,..,..,..,..,..,..,..,178,COG
49,Cook Islands,..,..,..,..,..,..,..,..,..,..,..,..,..,..,..,..,..,..,..,..,..,..,..,..,..,..,..,..,22.45127,25.83893,14.24515,..,..,..,..,9.75561,..,9.47213,..,..,9.84259,5.74022,5.91423,7.29484,8.5398,8.58804,9.42495,..,..,184,COK
50,Costa Rica,26.16834,..,..,23.50669,..,25.51537,25.14702,..,..,25.44856,..,25.62026,27.54075,..,..,28.75176,27.11325,26.31171,..,25.20999,24.51915,23.45556,..,..,..,..,..,..,..,..,..,..,..,..,..,..,..,..,..,..,..,5.82787,6.12207,5.91061,6.59243,5.89207,5.00448,..,..,188,CRI
51,Côte d'Ivoire,..,..,..,..,..,..,..,..,..,..,..,..,..,..,..,..,..,..,..,..,..,..,..,..,..,..,..,..,..,..,..,..,..,..,..,..,..,..,..,..,..,..,..,..,47.29743,..,38.86794,36.16957,..,,
52,Croatia,..,..,..,..,..,..,..,..,..,..,..,..,..,..,..,..,..,..,..,..,..,..,..,..,..,..,..,..,..,12.11253,11.40377,10.68317,9.51659,8.02413,..,6.14656,..,..,4.52729,4.09788,2.36694,2.79269,1.6528,2.127,2.89185,3.3864,4.45491,..,..,191,HRV
53,Cuba,..,..,..,..,..,..,..,..,..,..,..,..,..,..,..,..,17.34647,18.25948,18.26824,17.03068,17.77198,16.40671,15.80962,..,17.6955,..,..,..,..,8.5249,8.08052,7.61712,8.65798,8.78225,8.83853,7.92684,7.06762,7.06419,7.14528,6.72872,5.31399,4.79824,5.02747,5.02622,5.94244,7.15746,7.01476,5.43462,..,192,CUB
54,Curaçao,..,..,..,..,..,..,..,..,..,..,..,..,..,..,..,..,..,..,..,..,..,..,..,..,..,..,..,..,..,..,..,..,..,..,..,..,..,..,..,..,..,..,..,..,..,..,..,..,..,531,CUW
55,Cyprus,..,..,..,..,..,..,..,..,..,..,..,..,..,..,..,..,..,..,..,..,..,..,..,..,..,..,..,..,..,5.1732,5.79375,6.05801,3.11139,2.299,3.22632,1.94616,2.01743,1.30991,1.24118,1.41227,4.74381,4.66351,3.74291,3.36038,2.70102,2.73676,..,..,..,196,CYP
56,Czechia,..,..,..,..,..,..,..,..,..,..,..,..,..,..,..,..,..,..,..,..,..,..,..,..,..,..,..,..,..,..,..,..,..,..,..,..,..,..,..,..,..,..,..,..,..,..,..,..,..,203,CZE
57,Democratic People's Republic of Korea,..,..,..,..,..,..,..,..,..,..,..,..,..,..,..,..,..,..,..,..,..,..,..,..,..,..,..,..,..,..,..,..,..,..,..,..,..,..,..,..,..,..,..,..,..,..,..,..,..,408,PRK
58,Democratic Republic of the Congo,..,..,..,..,..,..,..,..,..,..,..,..,..,..,..,..,..,..,..,..,..,..,58.00858,56.76182,59.04229,..,..,..,..,..,..,..,..,..,..,..,..,..,..,..,..,..,..,..,..,..,..,..,..,180,COD
59,Denmark,..,..,..,..,..,..,..,..,..,..,..,..,..,..,..,..,..,..,..,..,..,..,..,..,..,..,..,..,4.63973,..,4.95543,4.36676,3.42788,..,3.4582,4.47945,4.64296,4.44978,4.46769,4.46616,4.57831,3.32535,3.5766,3.43203,3.78449,3.69495,3.25203,..,..,208,DNK
60,Djibouti,..,..,..,..,..,..,..,..,..,..,..,..,..,..,..,..,..,..,..,..,..,..,..,..,..,..,..,..,..,..,..,78.97176,77.98598,..,73.99741,73.33688,..,..,64.93586,..,..,..,..,..,..,56.43065,..,..,..,262,DJI
61,Dominica,..,..,..,..,..,..,..,..,..,..,..,..,..,..,..,..,..,..,..,..,..,..,..,..,..,..,..,..,..,..,2.92033,3.5054,..,3.16035,2.87028,3.92772,8.90524,..,..,7.01157,..,7.2909,..,..,..,4.97248,2.61827,..,..,212,DMA
62,Dominican Republic,..,..,..,..,..,..,..,..,..,..,..,..,..,..,..,..,..,..,..,..,..,..,..,..,..,..,..,..,..,22.41965,20.54091,..,12.25713,..,19.57421,17.28363,..,11.10627,13.63428,15.22663,13.72582,13.18104,13.58772,12.21815,12.46147,10.45921,10.12195,10.70464,..,214,DOM
63,Ecuador,..,..,..,..,..,..,..,..,..,..,..,..,..,..,..,..,..,..,..,..,..,..,..,..,..,..,..,..,19.98668,19.83455,19.58357,18.71063,18.35272,18.43798,..,17.34109,16.9087,16.30663,..,8.76248,7.81415,6.02039,5.09641,6.41085,6.49875,5.29622,4.47145,..,..,218,ECU
64,Egypt,..,..,..,..,..,..,..,..,..,..,..,..,..,..,..,..,..,..,..,..,..,..,..,..,..,..,..,..,..,..,..,..,..,..,..,..,..,..,..,..,..,..,..,..,9.58266,..,7.80589,7.88026,..,818,EGY
65,El Salvador,..,..,..,..,..,..,..,..,..,..,..,..,..,..,..,..,..,..,..,..,..,..,..,..,..,..,..,..,..,..,20.60276,19.16812,17.07036,..,..,12.07865,12.69539,13.07458,13.32551,13.18594,12.43067,12.28296,12.39058,12.7786,14.45184,16.82174,18.61004,22.63816,..,222,SLV
66,Equatorial Guinea,..,..,..,..,..,..,..,..,..,..,..,..,..,..,..,..,..,..,..,..,..,..,..,..,..,..,..,..,..,..,..,..,..,..,..,..,..,..,..,..,..,..,..,..,..,..,..,..,..,226,GNQ
67,Eritrea,..,..,..,..,..,..,..,..,..,..,..,..,..,..,..,..,..,..,..,..,..,..,..,..,74.49623,73.02028,..,71.43979,..,68.99603,65.77599,66.16193,64.3817,61.76101,62.65675,61.27837,61.21488,62.64058,63.46932,63.75434,63.68139,62.42868,61.23834,60.90688,60.82994,62.85811,..,65.0522,..,232,ERI
68,Estonia,..,..,..,..,..,..,..,..,..,..,..,..,..,..,..,..,..,..,..,..,..,..,..,..,..,..,..,..,6.69424,2.65784,1.84082,1.39067,1.10585,2.09046,3.00257,2.91482,2.79156,2.18125,3.3416,4.51189,3.74576,3.32107,3.3292,3.85381,4.94957,4.62517,4.01263,..,..,233,EST
69,Eswatini,..,49.54449,47.46356,..,42.55003,40.98158,40.07592,38.73046,..,..,..,..,..,..,..,..,..,..,..,..,..,..,..,..,..,..,..,..,..,..,..,..,..,..,..,..,..,..,..,25.14364,22.52543,23.17848,22.47057,23.48094,22.58456,22.40141,..,..,..,748,SWZ
70,Ethiopia,..,..,..,..,..,..,..,..,..,..,..,..,..,..,..,..,..,..,..,..,..,..,..,..,..,..,..,..,..,75.37544,72.25364,68.80064,66.36666,..,..,..,..,..,..,..,..,..,..,..,35.26674,36.17861,..,..,..,231,ETH
71,Faeroe Islands,..,..,..,..,..,..,..,..,..,..,..,..,..,..,..,..,..,..,..,..,..,..,..,..,..,..,..,..,..,..,..,..,..,..,..,..,..,..,..,..,..,..,..,..,..,..,..,..,..,,
72,Falkland Islands (Malvinas),..,..,..,..,..,..,..,..,..,..,..,..,..,..,..,..,..,..,..,..,..,..,..,..,..,..,..,..,..,..,..,..,..,..,..,..,..,..,..,..,..,..,..,..,..,..,..,..,..,238,FLK
73,Fiji,..,..,..,..,..,..,..,..,..,..,..,..,..,..,..,..,..,..,..,..,..,..,..,..,..,..,..,..,..,12.10021,12.9989,10.65963,8.48708,8.39075,6.20309,..,6.77506,7.53448,..,7.33745,..,5.25042,5.18689,..,..,..,..,..,..,242,FJI
74,Finland,..,..,..,..,..,..,..,..,..,..,..,..,..,..,..,..,..,..,..,..,..,..,..,..,..,..,..,..,2.75584,2.53606,2.45525,2.22722,2.31156,2.56169,3.54872,3.17752,3.0482,2.6886,2.97877,3.25004,3.34882,3.49859,3.52035,2.55091,2.31687,1.99096,1.66293,..,..,246,FIN
75,France,..,..,..,..,..,..,..,..,..,..,..,..,..,..,..,..,..,..,..,..,..,..,..,..,..,..,..,..,..,1.97217,5.40275,5.61649,5.65911,5.87237,5.97519,2.0634,2.17612,2.11916,2.24167,2.34538,2.58803,2.22837,2.11459,2.20023,2.15172,2.2171,2.15781,..,..,250,FRA
76,French Guiana,..,..,..,..,..,..,..,..,..,..,..,..,..,..,..,..,..,..,..,..,..,..,..,..,..,..,..,..,..,..,..,..,..,..,..,..,..,..,..,..,..,..,..,..,..,..,..,..,..,254,GUF
77,French Polynesia,..,..,..,..,..,..,..,..,..,..,..,..,..,..,..,..,..,..,..,..,..,..,..,..,..,..,..,..,..,..,..,..,..,..,..,..,..,..,..,..,..,..,..,..,..,..,..,..,..,258,PYF
78,Gabon,..,..,..,..,..,..,..,..,..,..,..,..,..,..,..,..,..,..,..,..,..,..,..,..,..,..,..,..,..,..,..,..,..,..,..,..,..,..,..,..,..,..,..,..,..,..,..,..,..,266,GAB
79,Gambia,..,..,..,..,..,..,..,..,..,..,..,..,..,..,..,..,..,..,..,..,..,..,..,..,..,..,..,..,..,..,..,..,..,..,..,..,..,..,..,..,..,..,..,..,..,..,..,..,..,270,GMB
80,Georgia,..,..,..,..,..,..,..,..,..,..,..,..,..,..,..,..,..,..,..,..,..,..,..,..,..,..,21.39412,20.78976,..,..,..,..,..,..,..,17.47884,13.92996,..,10.83341,..,..,..,..,4.88362,2.67314,1.86308,1.64703,1.0993,..,268,GEO
81,Germany,..,..,..,..,..,..,..,..,..,..,..,..,..,..,..,..,..,..,..,..,..,..,..,..,..,..,..,..,..,..,..,..,..,..,..,..,..,..,..,..,..,..,..,..,..,..,..,..,..,276,DEU
82,Ghana,..,..,..,..,..,..,..,..,..,..,..,..,..,..,..,..,..,..,..,..,..,..,..,..,..,..,..,..,..,47.31571,44.68007,47.30648,44.75404,45.9816,..,40.52255,36.92796,31.60283,28.58045,29.6962,..,..,..,19.58563,20.0064,16.30439,17.7568,18.42912,18.3391,288,GHA
83,Gibraltar,..,..,..,..,..,..,..,..,..,..,..,..,..,..,..,..,..,..,..,..,..,..,..,..,..,..,..,..,..,..,..,..,..,..,..,..,..,..,..,..,..,..,..,..,..,..,..,..,..,292,GIB
84,Greece,..,..,..,..,..,..,..,..,..,..,..,..,..,..,..,..,..,..,..,..,..,..,..,..,..,..,..,..,11.4904,11.61956,11.05564,10.68386,9.76871,10.21716,10.14091,7.71187,8.61406,10.55642,..,..,7.22076,..,..,7.88278,9.20858,8.0053,8.16018,..,..,300,GRC
85,Greenland,..,..,..,..,..,..,..,..,..,..,..,..,..,..,..,..,..,..,..,..,..,..,..,..,..,..,..,..,..,..,..,..,..,..,..,..,..,..,..,..,..,..,..,..,..,..,..,..,..,304,GRL
86,Grenada,..,..,13.99119,..,..,..,..,..,..,..,..,..,..,..,..,..,..,..,..,..,..,..,..,..,..,..,..,..,..,..,..,..,4.27141,8.84364,6.51001,13.23379,..,..,..,..,..,..,..,8.20999,7.96894,4.69154,2.37059,9.56047,..,308,GRD
87,Guadeloupe,..,..,..,..,..,..,..,..,..,..,..,..,..,..,..,..,..,..,..,..,..,..,..,..,..,..,..,..,..,..,..,..,..,..,..,..,..,..,..,..,..,..,..,..,..,..,..,..,..,312,GLP
88,Guam,..,..,..,..,..,..,..,..,..,..,..,..,..,..,..,..,..,..,..,..,..,..,..,..,..,..,..,..,..,..,..,..,..,..,..,..,..,..,..,..,..,..,..,..,..,..,..,..,..,316,GUM
89,Guatemala,..,..,..,..,..,..,..,..,..,..,..,..,..,..,..,..,..,..,..,..,..,..,..,..,..,..,..,..,..,43.18462,39.75546,38.16588,35.23899,..,..,..,..,..,25.83727,23.25403,21.53075,23.53871,25.61799,27.1547,28.39093,28.77377,29.80902,29.82372,..,320,GTM
90,Guernsey,..,..,..,..,..,..,..,..,..,..,..,..,..,..,..,..,..,..,..,..,..,..,..,..,..,..,..,..,..,..,..,..,..,..,..,..,..,..,..,..,..,..,..,..,..,..,..,..,..,831,GGY
91,Guinea,..,..,..,..,..,..,..,..,..,..,..,..,..,..,..,..,..,..,..,..,..,..,..,..,..,..,..,..,..,76.15907,..,70.46516,65.54728,62.55991,60.05937,56.89608,54.27308,..,..,..,..,48.22537,..,..,45.14988,..,..,..,..,324,GIN
92,Guinea-Bissau,..,..,..,..,..,..,..,..,..,..,..,..,..,..,..,..,..,..,..,..,..,..,..,..,..,..,..,..,..,..,64.51164,..,..,..,..,..,..,..,..,..,..,..,..,..,..,..,..,..,..,624,GNB
93,Guyana,..,20.29395,..,..,..,..,..,..,..,..,..,..,..,..,..,..,..,..,..,..,..,..,..,..,..,..,..,..,..,..,..,..,..,..,..,..,..,..,..,14.35972,..,5.09457,7.7705,..,..,..,..,..,..,328,GUY
94,Haiti,..,..,..,..,..,..,..,..,..,..,..,..,..,..,..,..,..,..,..,..,..,..,..,..,..,..,..,..,..,..,..,..,..,..,..,..,..,..,..,..,..,..,..,..,..,..,..,..,..,332,HTI
95,Holy See,..,..,..,..,..,..,..,..,..,..,..,..,..,..,..,..,..,..,..,..,..,..,..,..,..,..,..,..,..,..,..,..,..,..,..,..,..,..,..,..,..,..,..,..,..,..,..,..,..,336,VAT
96,Honduras,..,..,..,..,..,..,..,..,..,..,..,..,..,..,..,..,..,..,..,..,..,..,..,..,..,..,..,..,..,..,..,..,..,..,..,..,..,..,..,..,..,..,..,25.53465,29.77412,29.94847,29.09508,28.74502,..,340,HND
97,Hungary,..,..,..,..,..,..,..,..,..,..,..,..,..,..,..,..,..,..,..,..,..,..,..,..,..,..,..,15.09124,11.01749,8.41139,7.43527,5.90156,4.88926,4.79404,6.5007,5.20703,4.87452,5.20138,5.17231,5.64643,5.96876,6.84879,6.64106,6.13156,5.92331,6.32058,6.38537,..,..,348,HUN
98,Iceland,..,..,..,..,..,..,..,..,..,..,..,..,..,..,..,..,..,..,..,..,..,..,..,..,..,..,..,..,7.01375,8.06227,8.71252,8.6316,7.74987,7.97583,8.42989,7.13743,6.24043,5.07208,5.21961,6.05083,5.94358,6.91738,6.87805,6.34086,6.08561,5.26055,4.24819,..,..,352,ISL
99,India,..,..,..,..,..,..,..,..,..,..,..,..,..,..,..,..,..,..,..,..,..,..,..,..,..,..,..,..,..,..,..,..,..,..,..,..,..,..,..,..,..,..,..,19.50694,..,..,..,..,..,356,IND
100,Indonesia,..,..,..,..,..,..,..,..,..,..,..,..,..,..,..,..,..,..,..,..,..,..,..,..,..,..,..,..,..,..,..,24.87017,22.86591,20.94897,20.30642,23.62563,22.75609,18.35385,19.0148,17.89001,15.95809,12.06694,11.93258,13.47708,14.77175,..,..,..,..,360,IDN
101,Iran (Islamic Republic of),..,..,..,..,..,..,..,..,..,..,..,..,..,..,..,..,..,..,..,..,..,..,..,..,..,..,..,..,..,..,..,..,..,..,..,..,..,..,..,13.25247,13.2625,11.01435,8.42061,8.99952,8.25627,..,6.64834,7.00131,..,364,IRN
102,Iraq,..,..,..,..,..,..,..,..,..,..,..,..,..,..,..,..,..,..,..,..,..,..,..,..,..,..,..,..,..,41.38058,41.28637,..,..,33.74109,33.33296,..,..,29.25212,..,..,..,..,..,..,..,..,..,..,..,368,IRQ
103,Ireland,..,..,..,8.88752,8.59157,..,..,..,..,..,..,..,..,..,..,..,..,..,..,..,..,..,..,..,..,..,..,..,3.20663,3.06971,1.21285,1.20378,0.95865,0.60927,0.43166,0.31837,0.88499,0.59683,0.82083,0.64759,0.0155,..,0.13876,..,0.24517,..,0.02692,..,..,372,IRL
104,Isle of Man,..,..,..,..,..,..,..,..,..,..,..,..,..,..,..,..,..,..,..,..,..,..,..,..,..,..,..,..,..,..,..,..,..,..,..,..,..,..,..,..,..,..,..,..,..,..,..,..,..,833,IMN
105,Israel,..,..,..,..,..,..,..,..,..,..,..,..,..,..,..,..,..,..,..,..,..,..,..,..,..,..,..,..,..,3.04081,1.7738,1.11436,1.33977,1.46928,1.57571,1.3593,1.50143,1.29323,1.22435,1.42738,1.17563,1.3866,1.07253,1.44864,1.4895,1.1607,1.25704,1.15962,..,376,ISR
106,Italy,..,..,..,..,..,..,..,..,..,..,..,..,..,..,..,..,..,..,..,..,..,..,..,..,..,..,..,..,..,8.66397,8.71344,6.84438,6.35707,5.80472,5.07742,4.85458,3.76837,4.38999,3.25073,3.42909,2.87314,4.45742,4.52413,3.23669,3.01868,2.53997,2.46368,..,..,380,ITA
107,Jamaica,..,..,..,..,..,..,..,..,..,..,..,..,..,..,..,..,..,..,..,..,..,..,..,..,..,..,..,..,..,10.66562,11.67744,12.46221,11.92349,12.38386,9.34034,..,..,..,..,..,..,..,..,..,..,..,..,..,..,388,JAM
108,Japan,..,..,..,..,..,..,..,..,..,..,..,..,..,..,..,..,..,..,..,..,..,..,..,..,..,..,..,..,..,..,..,..,..,..,..,..,..,..,..,..,..,..,..,1.17619,1.59259,1.15585,1.26781,..,..,392,JPN
109,Jersey,..,..,..,..,..,..,..,..,..,..,..,..,..,..,..,..,..,..,..,..,..,..,..,..,..,..,..,..,..,..,..,..,..,..,..,..,..,..,..,..,..,..,..,..,..,..,..,..,..,832,JEY
110,Jordan,..,..,..,..,..,..,..,..,..,..,..,..,..,..,..,..,..,..,..,..,..,..,..,..,..,..,..,..,..,14.14353,13.53924,..,10.844,9.75611,9.97153,..,..,..,..,..,..,..,..,..,..,..,..,..,..,400,JOR
111,Kazakhstan,..,..,..,..,..,..,..,..,..,..,..,..,..,..,..,..,..,..,..,..,..,..,..,..,..,..,..,..,..,..,5.34945,..,..,..,..,..,0.76855,..,..,..,0.23435,0.28386,0.11957,0.15957,..,..,..,..,..,398,KAZ
112,Kenya,..,..,..,..,..,..,..,..,..,..,..,..,..,..,..,..,..,..,..,..,..,..,..,..,..,..,..,..,..,..,35.04556,..,37.75059,30.28143,29.50954,28.1161,28.78484,25.66765,22.45691,21.77841,..,..,..,..,..,..,..,..,..,404,KEN
113,Kiribati,..,..,..,..,..,..,..,..,..,..,..,..,..,..,..,..,..,..,..,..,..,..,..,..,..,..,..,..,..,..,..,..,..,..,..,..,..,..,..,..,..,..,..,..,..,..,..,..,..,296,KIR
114,Kuwait,..,..,..,..,..,..,..,..,..,..,..,..,..,..,..,..,..,..,..,..,..,..,..,..,..,..,11.16764,..,..,11.43535,12.46223,11.70181,..,..,..,..,..,5.79377,5.91551,..,5.9672,7.22057,6.4643,7.17308,7.14456,5.06882,..,..,..,414,KWT
115,Kyrgyzstan,..,..,..,..,..,..,..,..,..,..,..,..,..,..,..,..,..,..,..,..,..,..,..,..,..,..,..,..,..,..,..,..,..,..,9.066,9.95323,9.40798,10.14388,..,..,..,..,..,..,10.23029,7.55784,5.92481,5.42351,..,417,KGZ
116,Lao People's Democratic Republic,..,..,..,..,..,..,..,..,..,..,..,..,..,..,..,..,..,..,..,..,..,..,51.92995,..,..,..,..,41.37233,39.22522,38.61885,38.94133,39.27117,38.31343,35.90591,34.65143,34.04446,34.0004,32.77615,31.00667,27.8867,25.44428,28.07789,26.88294,24.51229,21.45998,20.279,20.08096,20.36477,..,418,LAO
117,Latvia,..,..,..,..,..,..,..,..,..,..,..,..,..,..,..,..,..,..,..,..,..,..,..,..,..,..,..,..,..,..,..,..,..,..,..,..,..,..,2.92941,4.07012,3.60338,3.24696,3.48097,2.48861,2.85275,2.94383,2.43201,2.18054,..,428,LVA
118,Lebanon,..,..,..,..,..,..,..,..,..,..,..,..,..,..,..,..,..,..,..,..,..,..,..,..,..,..,..,..,..,..,..,..,..,..,..,..,18.9082,18.44948,18.08069,16.93442,17.5674,17.92543,22.14091,..,..,..,..,..,..,422,LBN
119,Lesotho,..,..,35.24731,32.58068,..,..,..,28.62697,26.51387,25.57878,25.13946,24.52425,22.07595,22.42063,23.30121,20.90403,20.74158,..,..,..,..,17.02981,17.82088,20.95162,19.68692,..,20.15538,..,25.9617,27.08679,19.01308,18.43631,18.18798,16.85992,17.90377,18.21463,18.66517,22.2331,21.73254,21.11365,19.88387,19.90232,20.04799,21.67827,21.95463,22.05479,22.24856,..,..,426,LSO
120,Liberia,..,..,..,..,..,..,..,..,..,..,..,..,..,..,..,..,..,..,..,..,..,..,..,..,..,..,..,..,..,..,..,..,..,..,..,..,..,..,..,..,..,..,..,..,47.5351,49.53802,..,..,..,430,LBR
121,Libya,..,..,..,..,..,..,..,..,..,..,..,..,..,..,..,..,..,..,..,..,..,..,..,..,..,..,..,..,..,..,..,..,..,..,..,..,..,..,..,..,..,..,..,..,..,..,..,..,..,434,LBY
122,Liechtenstein,..,..,..,..,..,..,..,..,..,..,..,..,..,..,..,..,..,..,..,..,..,..,..,..,..,..,..,..,..,..,..,..,..,8.91851,6.35779,..,..,..,7.09473,8.14844,8.51477,9.20472,7.53327,..,9.50984,9.63145,10.11488,..,..,438,LIE
123,Lithuania,..,..,..,..,..,..,..,..,..,..,..,..,..,..,..,..,..,..,..,..,..,..,..,..,..,..,..,..,4.71109,3.91939,2.87785,1.57231,1.98145,1.69859,1.17984,0.77834,0.23073,0.17083,0.15327,0.41042,0.54651,0.42681,0.81385,0.67288,0.63415,0.59873,0.64354,..,..,440,LTU
124,Luxembourg,..,..,..,..,..,..,..,..,..,..,..,..,..,..,..,..,..,..,..,..,..,..,..,..,..,..,..,..,..,6.38439,6.14089,7.97739,8.57803,9.05522,9.01724,6.59009,6.1094,6.34555,6.2076,..,6.31338,6.73991,6.9862,7.67329,7.75636,7.283,6.63814,..,..,442,LUX
125,Madagascar,..,..,..,..,..,..,..,..,..,..,..,..,..,..,..,..,..,..,..,..,..,..,..,..,..,..,..,..,..,..,..,46.7548,..,39.32599,..,..,..,..,..,..,..,..,..,..,..,..,..,..,..,450,MDG
126,Malawi,..,..,..,..,..,..,..,..,..,..,..,..,..,..,..,..,..,..,..,..,..,..,..,..,..,..,..,..,..,18.73728,..,..,21.05414,..,22.24933,24.09302,23.28157,23.48195,18.94121,19.39897,..,..,..,17.76461,16.46288,16.44486,16.98552,..,..,454,MWI
127,Malaysia,..,..,..,..,..,..,..,..,..,..,..,..,..,..,..,..,..,..,..,..,..,..,..,..,..,..,..,..,12.13411,13.03216,11.08853,10.64924,10.94688,6.54001,4.8013,7.39218,9.00935,11.63402,12.06518,11.03376,11.70109,11.67534,10.2491,11.26703,12.24798,11.60623,11.97854,11.79871,..,458,MYS
128,Maldives,..,..,..,..,..,..,..,..,..,..,..,..,..,..,..,..,..,..,..,..,..,..,..,..,..,..,..,..,..,11.58728,8.96212,..,8.23476,..,..,..,..,..,..,..,..,..,..,..,..,..,..,..,..,462,MDV
129,Mali,..,..,..,..,..,..,..,..,..,..,..,..,..,..,..,..,..,..,..,..,..,..,..,..,..,..,..,..,..,..,..,..,..,..,..,..,..,..,..,52.99246,51.45282,49.94779,..,..,50.31441,50.99601,50.85508,49.79811,..,466,MLI
130,Malta,..,..,..,..,..,..,..,..,..,..,..,..,..,..,..,..,..,..,..,..,10.935,10.17487,..,..,..,..,..,..,..,..,..,..,..,..,..,..,..,..,..,..,..,..,5.15578,5.04452,4.15913,2.98213,3.8715,..,..,470,MLT
131,Marshall Islands,..,..,..,..,..,..,..,..,..,..,..,..,..,..,..,..,..,..,..,..,..,..,..,..,..,..,..,..,..,..,..,..,13.20791,..,..,..,..,..,..,..,..,..,..,..,..,20.67933,21.37,..,..,584,MHL
132,Martinique,..,..,..,..,..,..,..,..,..,..,..,..,..,..,..,..,..,..,..,..,..,..,..,..,..,..,..,..,..,..,..,..,..,..,..,..,..,..,..,..,..,..,..,..,..,..,..,..,..,474,MTQ
133,Mauritania,..,..,..,..,..,..,..,..,..,..,..,..,..,..,..,..,..,..,..,..,..,..,..,..,..,..,..,..,..,..,..,51.71244,51.48602,..,46.09694,45.15631,44.75181,..,..,..,..,..,40.84031,41.14296,39.27248,..,40.45614,38.4249,..,478,MRT
134,Mauritius,..,..,..,..,..,..,..,..,..,..,..,..,..,..,..,..,..,..,..,..,..,..,..,..,..,..,..,..,16.80747,16.95909,15.73016,14.77473,12.68629,..,9.9436,..,..,..,..,..,..,..,..,..,..,5.85908,6.88292,6.62776,..,480,MUS
135,Mayotte,..,..,..,..,..,..,..,..,..,..,..,..,..,..,..,..,..,..,..,..,..,..,..,..,..,..,..,..,..,..,..,..,..,..,..,..,..,..,..,..,..,..,..,..,..,..,..,..,..,175,MYT
136,Mexico,..,..,..,..,..,..,..,..,..,..,..,..,..,..,..,..,..,..,..,..,..,..,..,..,..,..,..,..,..,18.74099,18.02863,..,15.60566,14.23363,13.86272,13.91305,14.01063,13.67981,13.6769,13.65716,13.61462,13.72578,13.34314,11.83068,11.14329,10.16892,9.47082,9.23448,..,484,MEX
137,Micronesia (Federated States of),..,..,..,..,..,..,..,..,..,..,..,..,..,..,..,..,..,..,..,..,..,..,..,..,..,..,..,..,..,..,..,..,..,..,..,..,..,..,..,..,..,..,..,..,..,..,..,..,..,583,FSM
138,Monaco,..,..,..,..,..,..,..,..,..,..,..,..,..,..,..,..,..,..,..,..,..,..,..,..,..,..,..,..,..,..,..,..,..,..,..,..,..,..,..,..,..,..,..,..,..,..,..,..,..,492,MCO
139,Mongolia,..,..,..,..,..,..,..,..,..,..,..,..,..,..,..,..,..,..,..,..,..,..,..,..,..,..,..,..,20.52279,19.29752,16.8221,13.31682,12.63503,10.15076,8.10939,6.74453,5.76311,..,..,..,..,..,..,..,..,..,..,..,..,496,MNG
140,Montenegro,..,..,..,..,..,..,..,..,..,..,..,..,..,..,..,..,..,..,..,..,..,..,..,..,..,..,..,..,..,..,..,..,..,..,..,..,..,..,..,..,..,..,..,..,..,..,8.30274,7.56742,..,499,MNE
141,Montserrat,..,..,..,..,..,..,..,..,..,..,..,..,..,..,..,..,..,..,..,..,..,..,..,..,..,..,..,..,..,..,..,..,..,..,..,..,..,4.23352,..,..,..,..,..,..,..,..,..,..,..,500,MSR
142,Morocco,..,..,..,..,..,..,..,..,..,..,..,..,..,..,..,..,..,..,..,..,..,..,..,..,..,..,..,..,..,..,..,..,..,..,..,31.54551,30.60708,29.05532,28.16537,..,24.6569,22.42528,20.61152,..,..,..,..,13.07011,..,504,MAR
143,Mozambique,..,..,..,..,..,..,..,..,..,..,..,..,..,..,..,..,..,..,..,..,..,..,..,..,74.69693,73.16796,..,..,..,62.55362,59.18591,55.38855,53.07628,..,46.87137,42.14929,39.20053,34.9139,31.67528,30.09943,28.88914,30.40568,30.75788,29.51538,29.54808,29.33893,..,..,..,508,MOZ
144,Myanmar,..,..,..,..,..,..,..,..,..,..,..,..,..,..,..,..,..,..,..,..,..,..,..,..,..,..,..,..,..,..,37.01858,36.63295,36.34974,34.80125,31.93865,31.10494,30.08568,26.43926,..,28.97801,28.50988,..,..,..,..,..,..,18.6886,..,104,MMR
145,Namibia,..,..,..,..,..,..,..,..,..,..,..,..,..,..,..,..,..,..,..,..,..,..,..,..,..,..,..,..,14.154,14.53737,13.80767,13.38641,11.64995,13.20509,14.16649,14.01731,15.4024,13.24212,..,..,..,..,..,..,..,..,..,..,..,516,NAM
146,Nauru,..,..,..,..,..,..,..,..,..,..,..,..,..,..,..,..,..,..,..,..,..,..,..,..,..,..,..,..,..,..,..,..,..,..,..,..,..,..,..,..,..,..,17.18377,..,18.60119,..,20.54129,..,..,520,NRU
147,Nepal,..,..,..,..,..,..,..,..,..,..,..,..,..,..,..,..,..,..,..,..,..,..,..,..,..,..,..,..,..,..,..,..,..,..,..,..,..,..,..,..,..,16.56056,14.23061,..,18.20076,15.82208,10.714,10.89662,..,524,NPL
148,Netherlands,..,..,..,..,..,..,..,..,..,..,..,..,..,..,..,..,..,..,..,..,..,..,..,..,..,1.63188,1.18157,1.6845,..,..,..,..,..,..,..,..,..,..,..,..,..,..,..,..,..,..,..,..,..,528,NLD
149,Netherlands Antilles,..,..,..,..,..,..,..,..,..,..,..,..,..,..,..,..,..,..,..,..,..,..,..,..,..,..,..,..,..,..,..,..,..,..,..,..,..,..,..,..,..,..,..,..,..,..,..,..,..,,
150,New Caledonia,..,..,..,..,..,..,..,..,..,..,..,..,..,..,..,..,..,..,..,..,..,..,..,..,..,..,..,..,..,..,..,..,..,..,..,..,..,..,..,..,..,..,..,..,..,..,..,..,..,540,NCL
151,New Zealand,..,..,..,..,..,..,..,..,..,..,..,..,..,..,..,..,..,..,..,..,7.23591,..,..,..,..,..,..,..,..,..,..,..,..,..,..,..,..,..,..,..,..,..,..,2.65656,2.83499,2.37719,1.57076,0.91665,..,554,NZL
152,Nicaragua,..,..,..,..,..,..,..,..,..,..,..,..,..,..,..,..,..,..,..,..,..,..,..,..,..,..,..,..,..,..,22.79638,24.55428,19.20675,..,17.23296,15.99948,8.90648,..,..,..,8.73089,..,..,..,..,..,..,..,..,558,NIC
153,Niger,..,..,..,..,..,..,..,..,..,..,..,..,..,..,..,..,..,..,..,..,..,..,..,..,..,..,..,..,..,86.09185,..,84.00512,82.41924,80.51268,78.43439,76.9386,..,74.48616,72.45604,70.6044,67.69607,65.27153,..,..,61.45721,59.94799,..,56.09735,..,562,NER
154,Nigeria,..,..,..,..,..,..,..,..,..,..,..,..,..,..,..,..,..,..,..,..,..,..,..,..,..,..,..,..,..,..,..,..,..,..,..,..,..,..,..,..,..,..,..,..,..,..,..,..,..,566,NGA
155,Niue,..,..,..,..,..,..,..,..,..,..,..,..,..,..,..,..,..,..,..,..,..,..,..,..,..,..,..,..,..,..,..,..,..,..,..,..,..,..,..,..,..,..,..,..,..,..,..,..,..,570,NIU
156,Norfolk Island,..,..,..,..,..,..,..,..,..,..,..,..,..,..,..,..,..,..,..,..,..,..,..,..,..,..,..,..,..,..,..,..,..,..,..,..,..,..,..,..,..,..,..,..,..,..,..,..,..,574,NFK
157,Northern Mariana Islands,..,..,..,..,..,..,..,..,..,..,..,..,..,..,..,..,..,..,..,..,..,..,..,..,..,..,..,..,..,..,..,..,..,..,..,..,..,..,..,..,..,..,..,..,..,..,..,..,..,580,MNP
158,Norway,..,..,..,..,..,..,..,..,..,..,..,..,..,..,..,..,..,..,..,..,..,..,..,..,..,..,..,..,1.56992,2.02072,2.17071,2.29405,2.35586,2.23867,2.42922,2.63147,2.09925,1.45123,1.75182,2.23679,2.54036,2.56869,2.34791,2.35637,2.17381,2.09432,1.91992,2.08436,..,578,NOR
159,Oman,..,..,..,..,..,..,..,..,..,..,..,..,75.09979,..,..,..,..,..,..,..,..,..,..,..,..,..,..,..,..,21.66095,19.7982,17.61482,17.76733,18.41864,..,..,..,..,..,8.79065,..,5.35535,3.9694,3.64773,..,3.6121,2.57005,4.22952,..,512,OMN
160,Pakistan,..,..,..,..,..,..,..,..,..,..,..,..,..,..,..,..,..,..,..,..,..,..,..,..,..,..,..,..,..,..,..,..,..,..,..,..,59.31741,55.73879,55.1526,54.00749,..,54.44311,53.7853,53.4574,50.62367,48.57276,45.59916,46.09597,..,586,PAK
161,Palau,..,..,..,..,..,..,..,..,..,..,..,..,..,..,..,..,..,..,..,..,..,..,..,..,..,..,..,..,..,..,..,..,..,..,..,..,..,..,..,..,..,..,..,..,..,..,..,..,..,585,PLW
162,Palestine,..,..,..,..,..,..,..,..,..,..,..,..,..,..,..,..,..,..,..,..,..,..,..,..,..,..,..,..,..,17.72798,16.65017,15.88258,15.13891,14.11672,13.13676,12.67252,11.89239,12.06213,11.38399,11.79556,12.55284,12.7338,12.1768,12.1157,12.21023,11.72243,11.18089,9.85675,..,,
163,Panama,..,..,..,..,..,..,..,..,..,..,..,..,..,..,..,..,..,..,..,..,..,..,..,..,..,..,..,..,..,18.34811,17.12701,15.48305,13.67039,..,13.6645,14.20901,..,..,13.36631,14.2007,13.58836,13.87491,..,13.20373,15.16702,16.30297,..,..,..,591,PAN
164,Papua New Guinea,..,..,..,..,..,..,..,..,..,..,..,..,..,..,..,..,..,..,..,..,..,..,..,..,..,..,..,..,..,..,..,..,..,..,..,..,..,..,..,..,..,..,..,..,..,..,31.66049,..,..,598,PNG
165,Paraguay,..,..,..,..,..,..,..,..,..,..,..,..,..,..,..,..,..,..,..,..,..,..,..,..,..,..,..,..,..,16.29291,..,13.97739,14.73446,15.22854,14.52858,14.46821,15.49366,16.3942,16.75624,17.2609,17.2378,16.79892,16.49165,..,..,..,..,..,..,600,PRY
166,Peru,34.81358,..,..,..,..,..,..,..,..,..,..,19.54492,..,..,..,..,..,..,..,..,..,..,..,..,..,15.19855,..,..,6.73132,6.02123,5.87207,4.92708,5.72631,..,6.29658,6.19646,5.43111,4.43141,3.95684,3.57944,3.32753,3.43182,..,..,..,..,..,..,..,604,PER
167,Philippines,..,..,..,..,..,..,..,..,..,..,..,..,..,..,..,..,..,..,..,..,..,..,..,..,..,..,..,..,14.14224,14.73031,..,11.58412,10.44386,9.68874,9.53734,10.04678,11.15204,10.85568,9.73181,8.39556,..,..,..,..,3.84571,4.62425,..,..,..,608,PHL
168,Pitcairn,..,..,..,..,..,..,..,..,..,..,..,..,..,..,..,..,..,..,..,..,..,..,..,..,..,..,..,..,..,..,..,..,..,..,..,..,..,..,..,..,..,..,..,..,..,..,..,..,..,612,PCN
169,Poland,..,..,..,..,..,..,..,..,..,..,..,..,..,..,..,..,..,..,..,..,..,..,..,..,..,..,..,..,..,5.11926,5.98929,4.93981,4.98046,5.34243,6.35836,6.05413,6.12488,6.33569,6.71153,6.78964,7.09185,7.2829,7.09866,6.27933,6.2969,5.5804,5.10942,..,..,616,POL
170,Portugal,..,..,..,28.1034,27.16386,..,22.92173,..,21.5536,..,..,..,..,..,..,..,..,..,..,..,..,..,..,8.06004,6.87949,7.36869,..,..,..,6.56925,5.37351,5.8064,6.19466,5.88182,..,4.64235,4.67618,..,..,..,..,..,..,2.01655,2.23525,2.60543,2.96581,..,..,620,PRT
171,Puerto Rico,..,..,..,..,..,..,..,..,..,..,..,..,..,..,..,..,..,..,..,..,..,..,..,..,..,..,..,..,..,..,..,..,..,..,..,..,..,..,..,..,..,18.79878,17.95089,17.66146,16.79843,18.52492,24.10434,..,..,630,PRI
172,Qatar,..,..,..,..,..,..,..,..,..,..,12.036,..,..,13.10444,14.35215,13.76956,..,..,..,..,..,18.26836,..,..,..,..,..,..,11.18728,8.06247,..,..,9.58385,..,11.6979,6.15718,7.06581,6.5271,..,6.40882,5.17853,4.43075,3.96768,6.80438,6.32121,4.65617,4.82934,6.24779,..,634,QAT
173,Republic of Korea,..,..,..,..,..,..,..,..,..,..,..,..,..,..,..,..,..,..,..,..,..,..,..,..,..,..,1.9743,2.6874,3.1596,2.86794,3.18751,4.03823,3.58066,2.39288,1.82332,1.35744,2.20125,2.53163,2.76406,2.40498,2.73684,2.12644,2.34133,3.31453,3.01042,1.65166,2.91483,..,..,410,KOR
174,Republic of Moldova,..,..,..,..,..,..,..,..,..,..,..,..,..,..,..,..,..,..,..,..,..,..,..,..,..,..,..,..,..,..,15.29975,12.99654,12.15302,11.28489,10.69038,11.74335,12.13354,14.23897,12.11695,15.82339,16.14241,16.87303,16.65219,17.01807,17.60952,17.94112,17.88629,17.0631,..,498,MDA
175,Réunion,..,..,..,..,..,..,..,..,..,..,..,..,..,..,..,..,..,..,..,..,..,..,..,..,..,..,..,..,..,..,..,..,..,..,..,..,..,..,..,..,..,..,..,..,..,..,..,..,..,638,REU
176,Romania,..,..,..,..,..,..,..,..,..,..,..,..,..,..,..,..,..,..,..,..,..,..,..,..,..,..,..,..,..,..,..,..,..,..,..,..,..,..,..,..,..,..,..,..,..,12.6135,13.71716,..,..,642,ROU
177,Russian Federation,..,..,..,..,..,..,..,..,..,..,..,..,..,..,..,..,..,..,..,..,..,..,..,..,..,..,..,..,..,..,..,..,..,..,..,..,..,..,..,..,..,..,..,3.1711,2.8143,..,..,..,..,643,RUS
178,Rwanda,..,..,..,..,..,..,..,..,..,..,..,..,..,..,..,..,..,..,..,..,..,..,..,..,..,..,..,..,..,..,..,..,..,..,..,..,..,..,..,..,..,..,..,..,..,..,..,..,..,646,RWA
179,Saint Helena,..,..,..,..,..,..,..,..,..,..,..,..,..,..,..,..,..,..,..,..,..,..,..,..,..,..,..,..,..,..,..,..,..,..,..,..,..,..,..,..,..,..,..,..,..,..,..,..,..,654,SHN
180,Saint Kitts and Nevis,..,..,..,..,..,..,..,..,..,..,..,..,..,..,..,..,..,..,..,..,..,..,..,..,..,..,..,..,..,..,..,..,..,..,..,..,..,..,..,..,..,..,..,..,..,..,..,..,..,659,KNA
181,Saint Lucia,..,..,..,..,..,..,..,..,..,..,..,..,..,..,..,..,..,..,..,..,..,..,..,..,..,..,..,..,..,36.59968,15.22541,16.43343,13.06766,13.00868,18.49241,13.81872,9.90199,9.59565,..,..,..,..,..,..,..,..,..,..,..,662,LCA
182,Saint Pierre and Miquelon,..,..,..,..,..,..,..,..,..,..,..,..,..,..,..,..,..,..,..,..,..,..,..,..,..,..,..,..,..,..,..,..,..,..,..,..,..,..,..,..,..,..,..,..,..,..,..,..,..,666,SPM
183,Saint Vincent and the Grenadines,..,..,..,..,..,..,..,..,..,..,..,..,..,..,..,..,..,..,..,..,..,..,..,..,..,..,..,..,..,..,3.8105,12.25615,5.94465,6.61275,6.2821,7.08472,..,..,4.24088,3.91765,5.71241,..,..,8.5212,..,4.34148,4.60123,4.5413,..,670,VCT
184,Saint-Barthélemy,..,..,..,..,..,..,..,..,..,..,..,..,..,..,..,..,..,..,..,..,..,..,..,..,..,..,..,..,..,..,..,..,..,..,..,..,..,..,..,..,..,..,..,..,..,..,..,..,..,,
185,Saint-Martin (French part),..,..,..,..,..,..,..,..,..,..,..,..,..,..,..,..,..,..,..,..,..,..,..,..,..,..,..,..,..,..,..,..,..,..,..,..,..,..,..,..,..,..,..,..,..,..,..,..,..,,
186,Samoa,..,..,..,..,..,..,..,..,..,..,..,..,..,..,..,..,..,..,..,..,..,..,..,..,..,..,..,..,11.14641,12.9491,15.59129,12.38797,..,..,..,..,..,..,..,4.52823,5.1301,5.54876,5.76598,..,4.48019,6.38901,6.52526,..,..,882,WSM
187,San Marino,..,..,..,..,..,..,..,..,..,..,..,..,..,..,..,..,..,..,..,..,..,..,..,..,..,..,..,..,..,..,..,..,..,..,..,..,..,..,..,..,..,..,..,..,..,..,..,..,..,674,SMR
188,Sao Tome and Principe,..,..,..,..,..,..,..,..,..,..,..,..,..,..,..,..,..,..,..,..,..,..,..,..,..,..,..,..,..,..,..,..,..,22.36963,23.45263,20.53379,..,16.78197,16.39674,14.27717,15.8491,..,..,14.50961,13.38585,10.60989,..,..,..,678,STP
189,Saudi Arabia,..,..,..,..,..,..,..,..,..,..,..,..,..,..,..,..,..,..,..,..,..,..,..,..,..,..,..,..,..,..,..,..,..,..,..,..,..,..,..,11.88494,..,..,..,5.7346,..,..,..,..,..,682,SAU
190,Senegal,..,..,..,..,..,..,..,..,..,..,..,..,..,..,..,..,..,..,..,..,..,..,..,..,..,..,..,..,..,..,..,..,..,..,56.52096,53.22614,52.03114,..,..,..,..,..,..,..,..,..,..,35.94305,..,686,SEN
191,Serbia,..,..,..,..,..,..,..,..,..,..,..,..,..,..,..,..,..,..,..,..,..,..,..,..,..,..,..,..,..,..,..,..,..,..,..,..,..,..,6.54193,6.73555,7.40038,4.42037,4.32901,4.21933,4.38462,3.3357,3.80967,4.30745,..,688,SRB
192,Seychelles,..,..,..,..,..,..,..,..,..,..,..,..,..,..,..,..,..,..,..,..,..,..,..,..,..,..,..,..,4.03806,21.83105,21.33422,17.25236,15.30747,13.93568,13.2372,11.82657,..,..,..,..,..,..,..,11.39988,..,..,..,..,..,690,SYC
193,Sierra Leone,..,..,..,..,..,..,..,..,..,..,..,..,..,..,..,..,..,..,..,..,..,..,..,..,..,..,..,..,..,..,..,..,..,..,..,..,..,..,..,..,..,..,..,29.83775,..,29.75024,..,26.06764,..,694,SLE
194,Singapore,..,..,..,..,..,..,..,..,..,..,..,..,..,..,..,..,..,..,..,..,..,..,..,..,..,..,..,..,..,..,..,..,..,..,..,..,..,..,..,..,..,..,..,..,..,..,0.0977,..,..,702,SGP
195,Sint Maarten (Dutch part),..,..,..,..,..,..,..,..,..,..,..,..,..,..,..,..,..,..,..,..,..,..,..,..,..,..,..,..,..,..,..,..,..,..,..,..,..,..,..,..,..,..,..,..,..,..,..,..,..,534,SXM
196,Slovakia,..,..,..,..,..,..,..,..,..,..,..,..,..,..,..,..,..,..,..,..,..,..,..,..,..,..,..,..,..,..,..,..,..,..,..,..,..,..,..,..,..,..,..,..,..,..,..,..,..,703,SVK
197,Slovenia,..,..,..,..,..,..,..,..,..,..,..,..,..,..,..,..,..,..,..,..,..,..,..,..,..,..,..,..,6.45437,5.94735,4.92133,5.07542,4.82337,4.60516,4.65335,4.51509,4.00028,4.14836,3.98203,3.52388,3.18478,3.01583,2.69872,2.39399,2.82688,1.71229,2.38351,..,..,705,SVN
198,Solomon Islands,..,..,..,..,..,..,..,..,..,..,..,..,..,..,..,..,..,..,..,..,..,..,..,..,..,..,..,..,..,..,..,..,..,..,..,..,33.01088,33.69581,..,..,..,..,..,..,..,..,..,..,..,090,SLB
199,Somalia,..,..,..,..,..,..,..,85.72722,87.23333,87.25685,88.21795,..,..,..,..,..,..,..,..,..,..,..,..,..,..,..,..,..,..,..,..,..,..,..,..,..,..,..,..,..,..,..,..,..,..,..,..,..,..,706,SOM
200,South Africa,..,..,..,..,..,..,..,..,..,..,..,..,..,..,..,..,..,..,..,..,..,..,..,..,12.4393,..,..,..,..,11.66106,13.57991,13.46776,11.92938,11.26249,11.17292,11.73886,..,..,..,..,..,..,..,..,..,10.73237,..,..,..,710,ZAF
201,South Sudan,..,..,..,..,..,..,..,..,..,..,..,..,..,..,..,..,..,..,..,..,..,..,..,..,..,..,..,..,..,..,..,..,..,..,..,..,..,..,..,..,..,66.3584,..,..,..,72.13722,..,..,..,728,SSD
202,Spain,..,..,..,24.88549,..,..,..,..,..,..,..,..,..,..,..,..,..,..,..,..,..,..,..,..,..,..,..,..,..,5.03836,4.10557,3.27768,2.8216,2.64522,2.32518,2.11018,1.90982,1.6952,1.67417,1.50522,1.28984,1.28772,1.08676,1.15002,1.31849,0.8266,0.91152,..,..,724,ESP
203,Sri Lanka,..,..,..,..,..,..,..,..,..,..,..,..,..,..,..,..,..,..,..,..,..,..,..,..,..,..,..,..,..,..,..,..,..,..,..,..,..,..,..,..,10.26966,9.6057,..,..,..,..,..,5.92703,..,144,LKA
204,Sudan,..,..,..,..,..,..,..,..,..,..,..,..,..,..,..,..,..,..,..,..,..,..,..,..,..,..,..,..,..,..,..,..,..,..,..,..,..,..,..,..,..,50.05343,..,..,..,..,..,..,..,729,SDN
205,Sudan (pre-secession),..,..,..,..,..,..,..,..,..,..,..,..,..,..,..,..,..,..,..,..,..,..,..,..,..,..,..,..,..,..,..,..,..,..,..,..,..,..,..,..,..,..,..,..,..,..,..,..,..,,
206,Suriname,..,..,..,..,..,..,..,..,..,..,..,..,..,..,..,..,..,..,..,..,..,..,..,..,..,..,..,..,..,..,..,..,..,..,..,..,..,..,..,20.32436,18.61669,18.58411,17.47242,16.57393,15.64392,12.79208,..,..,..,740,SUR
207,Svalbard and Jan Mayen Islands,..,..,..,..,..,..,..,..,..,..,..,..,..,..,..,..,..,..,..,..,..,..,..,..,..,..,..,..,..,..,..,..,..,..,..,..,..,..,..,..,..,..,..,..,..,..,..,..,..,744,SJM
208,Sweden,..,..,..,..,..,..,..,..,..,..,..,..,..,..,..,..,..,..,..,..,..,..,..,..,..,..,..,..,..,1.1681,1.65064,2.24503,1.48224,1.63071,2.1365,3.1986,3.02831,2.56093,2.51664,3.05521,4.13123,4.78092,4.08694,2.82601,2.14181,0.88136,1.26692,..,..,752,SWE
209,Switzerland,..,..,..,..,..,..,..,..,..,..,..,..,..,..,..,..,..,..,..,..,..,..,..,..,..,..,..,..,..,9.02119,8.79042,8.35379,7.92246,7.87811,..,..,..,..,..,..,8.02157,8.11533,9.14413,7.73746,7.21942,6.7869,6.52568,..,..,756,CHE
210,Syrian Arab Republic,..,..,..,..,..,..,..,..,..,..,..,..,..,..,..,..,..,..,..,..,..,..,..,..,..,..,..,..,31.61661,31.96901,31.50774,30.03828,29.88347,27.15566,24.69078,21.55131,22.4367,20.6547,20.03935,19.56111,19.32765,18.35933,17.07606,45.46369,..,..,..,..,..,760,SYR
211,Tajikistan,..,..,..,..,..,..,..,..,..,..,..,..,..,..,..,..,..,..,..,..,..,..,..,..,..,..,..,..,..,28.05555,24.14368,23.84497,21.19815,..,18.45419,18.2751,18.26907,18.24365,15.47731,14.9862,14.82816,14.51973,..,..,..,..,..,..,..,762,TJK
212,Thailand,..,..,..,..,..,..,..,..,..,..,..,..,..,..,..,..,..,..,..,..,..,..,..,..,..,..,..,..,..,..,..,..,..,..,..,..,14.33262,11.44145,12.91361,10.31714,..,..,..,..,..,..,..,..,..,764,THA
213,The former Yugoslav Republic of Macedonia,..,..,..,..,..,..,..,..,..,..,..,..,..,..,..,..,..,..,..,..,..,..,..,..,..,..,..,..,..,..,..,..,..,..,..,16.74137,..,..,..,..,..,..,..,..,..,..,..,..,..,,
214,Timor-Leste,..,..,..,..,..,..,..,..,..,..,..,..,..,..,..,..,..,..,..,..,..,..,..,..,..,..,..,..,..,..,..,..,..,..,..,..,..,..,34.15822,28.09489,22.50699,19.48457,20.029,20.5583,19.7834,19.20844,18.87698,18.3034,..,626,TLS
215,Togo,..,..,..,..,..,..,..,..,..,..,..,..,..,..,..,..,..,..,..,..,..,..,..,..,..,..,..,..,..,43.8146,..,..,..,..,..,..,..,..,..,..,..,..,..,..,..,..,..,26.78281,..,768,TGO
216,Tokelau,..,..,..,..,..,..,..,..,..,..,..,..,..,..,..,..,..,..,..,..,..,..,..,..,..,..,..,..,..,..,..,..,..,..,..,..,..,..,..,..,..,..,..,..,..,..,26.97361,..,..,772,TKL
217,Tonga,..,..,..,..,..,..,..,..,..,..,..,..,..,..,..,..,..,..,..,..,..,..,..,..,..,..,..,..,6.28172,6.34353,..,6.55911,..,..,..,..,..,..,..,..,..,..,6.10572,9.48843,7.50662,8.7982,..,..,..,776,TON
218,Trinidad and Tobago,..,..,..,..,..,..,..,..,..,..,..,..,..,..,..,..,..,..,..,..,..,..,..,..,..,..,..,..,..,..,..,..,..,..,9.7942,..,..,..,..,..,..,..,..,..,..,..,..,..,..,780,TTO
219,Tunisia,..,..,..,..,..,..,..,..,..,..,..,..,..,..,..,..,..,..,..,..,..,..,..,..,..,..,..,..,..,..,..,..,..,..,..,..,..,..,..,..,..,..,..,..,..,..,..,..,..,788,TUN
220,Turkey,..,..,..,..,..,..,..,..,..,..,..,..,..,..,..,..,..,..,..,..,..,..,..,..,..,..,..,..,..,28.84047,25.75027,23.05554,22.13955,20.45875,18.74142,17.12237,15.60563,14.29779,13.85748,15.50462,12.36184,10.45082,12.19278,9.87301,8.98501,10.06206,10.9173,..,..,792,TUR
221,Turkmenistan,..,..,..,..,..,..,..,..,..,..,..,..,..,..,..,..,..,..,..,..,..,..,..,..,..,..,..,..,..,..,..,..,..,..,..,..,..,..,..,..,..,..,..,..,..,..,..,..,..,795,TKM
222,Turks and Caicos Islands,..,..,..,..,..,..,..,..,..,..,..,..,..,..,..,..,..,..,..,..,..,..,..,..,..,..,..,..,..,..,..,..,..,..,..,..,..,..,..,..,..,..,..,..,..,..,..,..,..,796,TCA
223,Tuvalu,..,..,..,..,..,..,..,..,..,..,..,..,..,..,..,..,..,..,..,..,..,..,..,..,..,..,..,..,..,..,..,..,..,..,..,..,..,..,..,..,..,..,..,..,9.23567,12.71491,13.0698,..,..,798,TUV
224,Uganda,..,..,..,..,..,..,..,..,..,..,..,..,..,..,..,..,..,..,..,..,..,..,..,..,..,..,..,..,..,..,..,..,..,..,..,..,..,..,..,..,..,..,..,..,..,..,..,..,..,800,UGA
225,Ukraine,..,..,..,..,..,..,..,..,..,..,..,..,..,..,..,..,..,..,..,..,..,..,..,..,..,..,..,..,..,..,..,..,1.99751,3.45041,4.19823,7.10798,5.33594,5.94846,6.26346,6.29324,6.11235,5.62185,4.90277,4.29185,4.15139,..,..,..,..,804,UKR
226,United Arab Emirates,..,..,..,..,..,..,..,..,..,..,34.29919,33.1326,29.34103,..,..,..,..,..,..,..,..,..,..,..,..,..,..,..,19.51846,..,..,..,..,..,..,..,..,..,..,..,..,..,..,..,..,..,6.4324,..,..,784,ARE
227,United Kingdom of Great Britain and Northern Ireland,..,..,12.67612,12.97845,10.56793,10.81817,10.09126,10.42204,11.08401,11.61025,..,12.45778,12.44483,..,..,..,..,..,..,..,..,..,..,..,..,..,..,..,3.02061,2.34159,2.48409,2.3507,1.81784,1.58884,1.08732,0.77492,2.40167,4.10573,3.27378,3.01097,2.48799,3.59622,4.6786,2.18035,0.74171,0.34622,0.67056,..,..,826,GBR
228,United Republic of Tanzania,..,..,..,..,..,..,..,..,..,..,..,..,..,..,..,..,..,..,..,..,..,..,..,..,..,..,..,..,..,..,..,..,..,..,..,..,..,..,..,..,..,..,..,..,..,..,..,..,..,834,TZA
229,United States of America,..,..,..,..,..,..,..,..,..,..,..,..,..,..,..,..,..,..,..,..,..,..,..,4.66978,4.53086,..,..,..,..,..,..,..,..,..,..,..,..,..,..,..,..,4.65563,5.20327,5.23027,4.58026,3.73072,3.49996,..,..,840,USA
230,United States Virgin Islands,..,..,..,..,..,..,..,..,..,..,..,..,..,..,..,..,..,..,..,..,..,..,..,..,..,..,..,..,..,..,..,..,..,..,..,..,..,..,..,..,..,..,..,..,..,..,..,..,..,850,VIR
231,Uruguay,..,..,..,..,..,..,..,..,..,..,..,..,..,..,..,..,..,..,..,..,..,..,..,..,..,..,..,..,..,..,..,..,..,..,..,..,..,8.46689,8.0778,7.04466,..,..,..,..,7.55758,5.84902,5.21455,..,..,858,URY
232,Uzbekistan,..,..,..,..,..,..,..,..,..,..,..,..,..,..,..,..,..,..,..,..,..,..,..,..,..,..,..,..,..,..,..,..,..,..,..,..,..,..,..,..,12.33502,11.75802,10.15634,9.6315,9.34272,8.67843,7.84017,6.92735,..,860,UZB
233,Vanuatu,..,..,..,..,..,..,..,..,..,..,..,..,..,..,..,..,..,..,..,..,..,..,..,..,..,..,..,..,..,29.66511,24.61877,25.11063,23.61218,21.99109,22.31495,..,..,..,..,..,..,..,..,..,..,15.75565,..,..,..,548,VUT
234,Venezuela (Bolivarian Republic of),..,..,..,..,..,..,..,..,..,..,..,..,..,..,..,..,..,..,..,..,..,..,..,..,..,..,..,..,..,22.13903,20.43174,17.75047,15.3277,15.81821,14.91019,14.27873,12.95309,11.12385,12.21067,10.58025,10.41724,10.14229,9.50436,9.02707,10.16439,11.81007,14.35296,16.43338,..,862,VEN
235,Viet Nam,..,..,..,..,..,..,..,..,..,..,..,..,..,..,..,..,..,..,..,..,..,..,..,..,..,..,..,..,..,..,..,..,..,..,..,..,..,..,..,..,..,..,..,..,..,..,..,..,..,704,VNM
236,Wallis and Futuna Islands,..,..,..,..,..,..,..,..,..,..,..,..,..,..,..,..,..,..,..,..,..,..,..,..,..,..,..,..,..,..,..,..,..,..,..,..,..,..,..,..,..,..,..,..,..,..,..,..,..,876,WLF
237,Western Sahara,..,..,..,..,..,..,..,..,..,..,..,..,..,..,..,..,..,..,..,..,..,..,..,..,..,..,..,..,..,..,..,..,..,..,..,..,..,..,..,..,..,..,..,..,..,..,..,..,..,732,ESH
238,Yemen,..,..,..,..,..,..,..,..,..,..,..,..,..,..,..,..,..,..,..,..,..,..,..,..,..,..,..,..,..,63.73727,..,..,..,..,..,..,..,..,..,..,43.82545,..,40.05027,36.82009,..,..,35.7565,..,..,887,YEM
239,Zambia,..,..,..,..,..,..,..,..,..,..,..,..,..,..,..,..,..,..,..,..,..,..,..,..,..,..,..,..,..,..,..,..,..,..,..,..,..,..,..,..,..,..,..,..,..,..,..,..,..,894,ZMB
240,Zimbabwe,..,..,..,..,..,..,..,..,..,..,..,..,..,..,..,..,..,..,..,..,..,..,..,..,..,..,..,..,..,26.75569,26.84628,25.29358,29.05251,31.55066,..,..,..,..,..,..,..,..,24.43465,25.19274,..,..,..,..,..,716,ZWE
241,Sustainable Development Goal Regions,..,..,..,..,..,..,..,..,..,..,..,..,..,..,..,..,..,..,..,..,..,..,..,..,..,..,..,..,..,..,..,..,..,..,..,..,..,..,..,..,..,..,..,..,..,..,..,..,..,,
242,  World,40.12897,40.11087,39.41364,37.3993,37.22358,36.11595,35.25685,35.16234,36.34627,36.44158,36.09499,35.8902,36.00116,36.09443,36.0318,35.41756,34.76885,34.30967,33.88736,33.59191,33.60567,33.19012,32.88719,32.21927,31.83294,31.65073,31.19424,30.8931,30.73288,30.23468,29.47978,28.94702,27.82587,25.90315,24.80114,24.38582,23.68277,22.48638,21.60964,21.08432,20.28763,19.63692,19.0767,18.73673,18.59992,18.43218,18.23281,18.14774,..,,
243,  Landlocked Developing Countries,61.87279,61.75984,61.22509,60.82127,60.34979,59.74618,59.3712,58.93053,58.80087,58.13569,56.69086,55.0606,55.51967,55.13404,54.66368,54.49231,54.35316,53.76035,53.4331,53.29552,53.36418,53.52926,54.55992,54.77068,54.30739,53.28671,52.72156,50.47455,50.07015,49.2307,48.37044,47.15184,44.5937,42.71679,41.12355,39.77234,37.72586,36.85801,34.78022,34.29719,33.72188,32.90225,31.84352,32.03648,32.4807,32.64926,32.28107,31.57975,..,,
244,  Least Developed Countries,69.66882,70.76721,69.02591,66.85727,66.63046,64.60011,63.22524,62.9021,61.94772,61.02436,59.9449,59.13562,59.34605,59.58476,59.38668,59.91731,59.89078,59.99543,58.34066,58.40629,58.74557,57.77259,57.93952,57.66321,57.34268,56.36478,56.1754,54.88251,56.05818,55.46022,53.85457,52.35598,49.50744,47.22012,45.40794,43.99256,41.79963,40.23252,38.46269,37.13163,36.31355,35.55993,34.38277,33.93923,33.65905,33.4319,32.92091,32.60102,..,,
245,  Small Island Developing States,32.33786,32.11827,33.02026,32.27491,31.80388,29.61681,28.51804,27.66331,27.8726,28.46136,27.48259,27.83007,27.60859,27.21771,27.3427,26.9194,27.28901,28.60512,29.00675,28.62949,30.20593,30.7722,30.87294,30.44781,29.96655,29.55308,28.2281,27.01222,26.26071,25.83227,25.35092,24.57702,24.03057,24.81785,25.12298,24.56751,23.92666,22.87297,22.95751,22.16227,19.68013,18.04084,16.75916,16.30952,16.12148,15.96593,15.87915,15.56317,..,,
246,  Africa (Sub-Saharan) ,68.39564,68.15753,67.43036,66.60072,65.48091,64.36013,63.58437,62.04677,60.19385,58.03405,56.4425,54.79338,53.18857,53.05396,53.29489,53.92518,55.60151,56.11052,56.43974,56.56814,56.83183,56.19658,56.56003,56.22515,56.35229,55.65329,56.46243,54.69655,53.71662,52.77159,51.21105,49.84454,48.32087,46.56183,44.82396,43.0942,41.65641,40.26965,38.68917,37.60365,36.83604,35.71232,35.17994,34.79762,34.59033,34.49122,34.52516,34.22873,..,,
247,  Western Asia and Northern Africa,51.52488,52.10162,51.12499,50.50947,50.29562,49.17752,48.20871,47.40009,47.12479,46.23539,44.94692,44.34715,43.95006,43.27617,42.16551,40.60318,40.16048,38.78432,37.9283,37.84991,37.1556,36.46061,38.15463,37.65002,36.53025,37.04336,35.59438,35.07048,33.81261,32.12236,30.60564,28.90389,27.7422,26.62184,25.37837,24.27094,23.73294,22.78807,21.76842,20.95513,19.68019,19.14507,18.27352,19.20361,18.93013,18.72848,18.42684,18.23238,..,,
248,  Africa (Northern),57.33328,57.72782,56.81566,56.26184,55.99431,54.49791,53.48484,52.52357,52.02035,51.41946,50.64034,49.52926,48.48555,47.52476,47.0444,45.08539,43.69158,42.32179,41.38966,40.97803,39.84341,38.98666,41.03909,40.57758,37.66519,38.90209,36.02201,35.09701,34.16745,32.45919,31.06798,29.78404,28.48687,27.91643,26.56133,25.53997,25.21795,24.40541,22.83713,21.38106,20.44973,20.74732,18.78541,18.23233,18.42201,17.84252,16.85522,16.36147,..,,
249,  Asia (Western),44.40715,45.24544,44.21626,43.55733,43.44435,42.81714,41.94257,41.36985,41.41175,40.2347,38.41239,38.45164,38.84489,38.53935,36.76995,35.67949,36.30299,34.94761,34.19459,34.53191,34.38843,33.86868,35.2018,34.65606,35.37147,35.14936,35.16163,35.04365,33.45539,31.78526,30.14633,28.03606,27.01613,25.37503,24.25452,23.03989,22.31493,21.24363,20.76178,20.57424,18.99749,17.73178,17.82421,20.05357,19.3741,19.50277,19.8017,19.88007,..,,
250,  Asia (Central and Southern),60.22892,60.71784,59.61434,57.57746,57.59769,56.59973,56.31141,55.47931,56.90483,57.1339,56.18454,55.37509,55.07275,53.88455,52.73144,52.51284,51.37665,52.09178,50.68668,49.13996,48.53428,47.73686,46.7098,45.25102,44.35036,44.31083,43.82112,43.9307,45.91731,46.14016,44.73816,44.13024,42.62162,37.90089,36.14635,34.63332,32.98271,31.11735,29.56692,29.11361,27.33692,26.29558,24.68395,23.48754,23.0889,22.77543,22.2584,22.35526,..,,
251,  Asia (Central),8.84556,8.95371,9.04538,9.14613,9.26723,9.4039,9.55058,9.71064,9.84894,9.94778,9.9993,10.01262,9.91591,9.81048,9.71104,9.63181,9.57414,9.73372,9.89302,10.04693,10.2508,10.52826,10.56451,11.55931,11.54736,11.47296,11.72769,12.23911,12.39034,12.4599,11.91808,9.17581,8.95967,8.85165,8.85423,10.06773,10.07641,10.70257,11.01627,11.16661,11.13558,10.85855,9.91097,9.97499,9.61413,9.04418,8.38429,7.53842,..,,
252,  Asia (Southern),62.29588,62.84098,61.72365,59.60491,59.61079,58.54534,58.21223,57.30474,58.74071,58.94228,57.92525,57.06016,56.72912,55.4789,54.26909,54.03217,52.84936,53.57313,52.10302,50.4887,49.84863,49.01033,47.94093,46.39595,45.46554,45.45674,44.99385,45.08646,47.14159,47.37457,45.94441,45.41731,43.86253,38.96803,37.14116,35.55446,33.82911,31.85903,30.22734,29.73872,27.88871,26.80993,25.16402,23.9181,23.51981,23.21305,22.70325,22.8366,..,,
253,  Asia (Eastern and South-eastern),37.44111,36.61531,35.2649,30.63844,30.24539,27.92551,26.05147,27.42675,30.47111,30.91678,31.58689,31.67636,32.60385,33.37707,33.6995,31.8018,30.13325,27.78837,27.16056,26.78297,26.77638,26.14717,25.17289,24.29686,23.7634,23.08988,21.90826,21.47841,19.94669,18.74297,18.53009,18.27903,16.56146,15.35369,14.54094,15.58294,15.16366,12.99984,12.43703,11.37994,10.48644,9.4681,9.17992,9.29321,9.03498,8.5668,8.20782,7.77641,..,,
254,  Asia (Eastern),37.09102,36.0271,33.23187,27.24649,25.46763,23.57074,21.50623,23.64446,28.94928,30.5209,31.86728,32.27354,34.26984,35.48659,35.84055,33.49579,31.25448,28.82752,27.77153,27.3226,26.79385,25.98882,24.7811,23.55174,22.86388,21.71103,20.45051,19.83423,17.99501,16.44798,16.22535,16.22297,14.3409,13.20461,12.46504,13.25983,12.76372,10.77194,9.64742,8.47802,7.52949,6.92082,6.62225,6.51748,6.40809,6.29761,5.96785,5.72372,..,,
255,  Asia (South-eastern),38.33023,38.08824,40.31224,39.06552,42.2216,38.99253,37.62677,37.92613,35.02484,32.10896,30.74226,29.88794,27.65642,27.21931,27.60448,27.13016,27.15612,25.14225,25.6689,25.51736,26.73686,26.49462,26.00617,25.85317,25.63389,25.97582,25.00325,25.05493,24.26303,23.85739,23.66374,22.83008,21.41864,19.96975,19.13755,20.56357,20.09573,17.37614,17.68133,16.63277,15.67479,13.82978,13.4794,13.89529,13.34075,12.25895,11.83959,11.10745,..,,
256,  Latin America and the Caribbean,22.96666,22.68796,22.42971,21.52981,21.5389,21.06268,19.95465,19.17657,18.84928,18.13752,17.89203,17.32364,17.13276,16.88746,16.74604,16.53209,16.36138,16.40043,16.62712,17.02274,17.00469,16.6954,16.15298,16.07213,16.17176,15.83599,15.28501,15.49785,13.84341,13.00097,12.21601,11.77892,11.36621,11.78384,11.08858,10.7198,10.49672,10.57961,9.30585,9.22825,9.01269,9.23126,9.65827,8.96484,9.21005,9.44871,9.2148,9.23553,..,,
257,  Oceania,21.88652,21.7809,21.73964,21.77902,21.8238,20.86953,20.40158,19.93886,18.98919,19.9262,19.63977,19.89344,20.18558,20.43394,20.80576,20.94929,20.85105,20.83444,20.64906,19.20204,20.94113,21.2357,21.15725,19.9892,18.28918,19.52911,19.15452,17.70815,18.32803,18.84944,19.13956,19.68032,19.59799,19.64502,19.60202,19.29429,19.44646,19.10666,18.88826,17.46062,16.07536,14.64355,13.61087,13.19913,12.75867,12.16739,11.55581,11.60854,..,,
258,  Oceania (Australia/New Zealand),11.79641,11.73588,11.82095,11.92058,11.98246,10.72245,10.10508,9.12299,8.99623,8.69044,8.38554,8.13224,8.21966,8.38156,8.74225,8.46725,7.96122,7.6291,7.07777,6.77753,6.46753,6.23034,5.97299,4.72164,4.45025,4.77027,3.95046,3.63743,3.45018,3.54439,3.47076,3.56284,3.31612,2.71399,2.57018,2.15669,2.09381,1.69611,1.65207,1.45839,1.45394,1.24231,1.45042,1.57484,1.70188,1.60591,1.72922,1.73255,..,,
259,  Oceania (excl. Australia/New Zealand),54.662,54.16779,53.37645,52.76795,52.23583,51.65667,51.17736,51.69627,47.80953,51.72252,50.82585,51.81869,51.81777,51.32702,50.68093,50.81949,50.80449,50.72442,50.6384,46.0414,51.4961,51.91878,51.53717,49.98633,45.0909,49.75263,50.04821,45.88164,47.95301,49.1335,49.92564,51.25454,51.27951,52.25383,51.98319,51.41991,51.49552,50.69943,49.5803,45.40992,41.19386,37.46467,34.11784,32.64494,31.13138,29.61825,27.83512,28.013,..,,
260,  Northern America and Europe,12.25467,12.32889,12.46342,12.40533,12.10572,12.04396,11.80518,11.55111,11.44362,11.83322,10.16347,10.47565,9.88983,9.97337,9.84476,9.71738,9.09917,8.89041,8.32162,8.23073,8.13243,7.85025,7.78351,7.26144,6.85959,6.91674,6.75043,6.77726,6.65425,6.54317,6.68109,5.92577,6.0224,5.43605,5.70838,4.94103,4.95592,5.15255,5.01438,4.63792,5.10469,4.99397,4.87307,4.47929,4.15691,3.61982,3.40157,3.38212,..,,
261,  Europe,11.7157,11.81232,11.98816,12.18053,11.59609,11.49242,11.30717,10.99239,10.85508,10.65926,10.60751,10.88348,10.79621,10.79512,10.7089,10.5231,10.02466,9.6185,9.38343,9.33664,9.30888,8.94947,8.93852,8.23565,7.71356,7.70689,7.37351,7.2891,7.0028,6.58247,6.94591,6.55338,5.98865,5.79853,5.95302,5.46618,5.58872,5.75132,5.36375,5.11675,4.87706,4.9889,4.728,4.07956,3.90209,3.45102,3.40737,3.37707,..,,
262,  Northern America ,13.5523,13.57073,13.60369,12.94497,13.33266,13.37813,13.01748,12.92149,12.89818,14.75653,9.04914,9.44182,7.57501,7.86012,7.61003,7.62557,6.69301,7.0026,5.58861,5.41095,5.16539,5.11063,4.94645,4.90362,4.82398,5.06342,5.3138,5.61573,5.886,6.45886,6.1261,4.64269,6.0898,4.72589,5.22856,3.93407,3.77148,4.0581,4.39104,3.799,5.49701,5.0026,5.11804,5.15236,4.5845,3.90271,3.39184,3.39059,..,,
263,UIS Regions,..,..,..,..,..,..,..,..,..,..,..,..,..,..,..,..,..,..,..,..,..,..,..,..,..,..,..,..,..,..,..,..,..,..,..,..,..,..,..,..,..,..,..,..,..,..,..,..,..,,
264,  World,40.12897,40.11087,39.41364,37.3993,37.22358,36.11595,35.25685,35.16234,36.34627,36.44158,36.09499,35.8902,36.00116,36.09443,36.0318,35.41756,34.76885,34.30967,33.88736,33.59191,33.60567,33.19012,32.88719,32.21927,31.83294,31.65073,31.19424,30.8931,30.73288,30.23468,29.47978,28.94702,27.82587,25.90315,24.80114,24.38582,23.68277,22.48638,21.60964,21.08432,20.28763,19.63692,19.0767,18.73673,18.59992,18.43218,18.23281,18.14774,..,,
265,  Arab States,57.2977,57.98546,56.74425,56.0358,55.38748,54.1065,52.91959,51.77679,51.12518,49.99395,48.23098,47.25857,47.04516,46.42567,45.93145,43.89301,43.12694,41.43707,40.717,40.54846,39.91186,39.15145,41.40117,40.60128,38.86727,39.53479,37.62223,36.84961,35.84324,34.46515,33.17529,31.64389,30.31588,29.16386,27.9173,26.78342,26.38855,25.4569,24.32276,23.11251,22.1082,21.78811,20.41744,21.9587,21.76006,21.30182,20.86732,20.6294,..,,
266,  Central and Eastern Europe,14.89562,15.11834,15.50722,15.7563,16.21787,16.12517,16.01496,15.91051,15.94745,15.83807,15.92353,16.3681,16.03596,15.81575,14.86656,14.65004,14.62351,14.33422,13.84914,14.10828,14.12411,13.86606,14.02502,14.06615,14.18941,14.42532,14.26378,14.1643,13.39172,12.57717,12.2611,11.29846,10.58351,10.19297,10.34029,10.17579,10.17038,9.85261,9.49539,9.86339,8.76245,7.9358,7.8091,6.60518,6.28176,6.18079,6.42615,6.36014,..,,
267,  Central Asia,8.5757,8.6501,8.70238,8.77534,8.87417,8.97816,9.08305,9.19162,9.28655,9.37532,9.37509,9.44194,9.35478,9.24501,9.13266,9.07102,9.06216,9.20646,9.41874,9.61397,9.78583,10.06332,10.36571,11.66528,12.22162,11.93598,12.39508,13.00493,13.15042,12.86697,12.63871,10.26117,10.12408,10.06021,9.73871,10.52304,10.28778,10.60612,10.80589,10.81974,10.76791,10.55661,9.66329,9.63064,9.21476,8.64028,7.86293,6.895,..,,
268,  East Asia and the Pacific,37.20328,36.39062,35.06422,30.51402,30.13092,27.83345,25.98204,27.33886,30.34059,30.79511,31.45699,31.54834,32.46937,33.23733,33.56067,31.68562,30.03371,27.71487,27.09042,26.6965,26.71257,26.09328,25.12221,24.22984,23.67798,23.03154,21.86388,21.41915,19.92184,18.74376,18.54165,18.3074,16.61373,15.42833,14.62801,15.65539,15.24863,13.11447,12.56136,11.50204,10.60157,9.57597,9.2743,9.37717,9.11659,8.64753,8.28457,7.86413,..,,
269,  Latin America and the Caribbean,22.96587,22.68722,22.4292,21.52954,21.53867,21.06242,19.9543,19.17604,18.84877,18.13721,17.8914,17.32295,17.13196,16.8866,16.74516,16.53121,16.36052,16.39958,16.62627,17.02186,17.00381,16.69454,16.15214,16.07127,16.17088,15.83515,15.28421,15.49714,13.84291,13.00057,12.21571,11.77871,11.36606,11.78363,11.08843,10.71976,10.49687,10.57979,9.30619,9.22865,9.01315,9.23186,9.65916,8.96584,9.21103,9.44957,9.21568,9.2364,..,,
270,  North America and Western Europe,13.40502,13.45317,13.46454,13.25651,12.75103,12.70155,12.43856,12.20964,12.19805,12.84309,10.50703,10.83576,10.06801,10.20299,10.09622,10.04248,9.23417,9.04206,8.27316,8.00775,7.73023,7.37967,7.0709,6.2683,5.67418,5.57815,5.47391,5.60364,5.59936,5.54233,5.56188,4.70074,5.24293,4.48055,4.56886,3.46557,3.41993,3.79257,3.81718,3.5081,4.28829,4.29069,4.45193,4.20536,3.81603,3.31374,3.04193,3.0318,..,,
271,  South and West Asia,62.29588,62.84098,61.72365,59.60491,59.61079,58.54534,58.21223,57.30474,58.74071,58.94228,57.92525,57.06016,56.72912,55.4789,54.26909,54.03217,52.84936,53.57313,52.10302,50.4887,49.84863,49.01033,47.94093,46.39595,45.46554,45.45674,44.99385,45.08646,47.14159,47.37457,45.94441,45.41731,43.86253,38.96803,37.14116,35.55446,33.82911,31.85903,30.22734,29.73872,27.88871,26.80993,25.16402,23.9181,23.51981,23.21305,22.70325,22.8366,..,,
272,  Sub-Saharan Africa,68.2955,68.05515,67.3254,66.4953,65.3705,64.24467,63.46753,61.92882,60.06996,57.90247,56.3177,54.6631,53.05756,52.92618,53.17662,53.81364,55.50505,56.01985,56.35091,56.47697,56.7363,56.1006,56.47502,56.14997,56.28901,55.60114,56.42547,54.65865,53.6799,52.73217,51.16494,49.80307,48.2737,46.51389,44.78573,43.05203,41.61005,40.22393,38.62779,37.54349,36.7814,35.66226,35.13626,34.751,34.55386,34.46218,34.48194,34.19513,..,,
273,  Small Island Developing States,34.31792,34.03957,34.94811,34.08998,33.53892,31.15698,29.95773,29.03652,29.24975,29.77506,28.89161,29.13569,28.776,28.35536,28.4922,28.03291,28.42917,29.85188,30.28306,29.86735,31.55801,32.14356,32.22794,31.74399,31.20061,30.72818,29.28288,27.80229,26.98607,26.51967,26.00024,25.17238,24.59171,25.41713,25.72982,25.13259,24.44448,23.32617,23.40452,22.55769,19.93654,17.99863,16.69809,16.24286,16.08688,15.8477,15.75673,15.43305,..,,
