,Country,1970,1971,1972,1973,1974,1975,1976,1977,1978,1979,1980,1981,1982,1983,1984,1985,1986,1987,1988,1989,1990,1991,1992,1993,1994,1995,1996,1997,1998,1999,2000,2001,2002,2003,2004,2005,2006,2007,2008,2009,2010,2011,2012,2013,2014,2015,2016,2017,2018,ISO-alpha3 code
0,Afghanistan,,,,,,,,,,,,,,,,,,,,,,,,,,,,,,,,,,,,,,,,,,,,,,,,,,AFG
1,Åland Islands,..,..,..,..,..,..,..,..,..,..,..,..,..,..,..,..,..,..,..,..,..,..,..,..,..,..,..,..,..,..,..,..,..,..,..,..,..,..,..,..,..,..,..,..,..,..,..,..,..,ALA
2,Albania,..,..,..,..,..,..,..,..,..,..,..,..,..,..,..,..,..,..,..,..,..,..,..,..,..,..,..,..,..,..,..,..,..,..,..,..,..,..,..,..,..,..,..,..,..,..,..,..,..,ALB
3,Algeria,..,..,..,..,..,..,..,..,..,..,..,..,..,..,..,..,..,..,..,..,..,..,..,..,..,..,..,..,..,..,29.79161,28.02804,..,..,..,..,..,..,..,..,..,..,..,12.08791,12.2764,11.52811,12.12469,9.96525,..,DZA
4,American Samoa,..,..,..,..,..,..,..,..,..,..,..,..,..,..,60.86981,..,..,..,..,..,..,..,..,..,..,..,..,..,..,..,..,..,..,..,..,..,..,..,..,..,..,..,..,..,..,..,..,..,..,ASM
5,Andorra,..,..,..,..,..,..,..,..,..,..,..,..,..,..,..,..,..,..,..,..,..,..,..,..,..,..,..,..,..,..,..,..,..,..,..,..,..,..,..,..,..,..,..,..,..,..,..,..,..,AND
6,Angola,..,..,..,..,..,..,..,..,..,..,..,..,..,..,..,..,..,..,..,..,..,..,..,..,..,..,..,..,..,..,..,..,..,..,..,..,..,..,..,..,..,..,..,..,..,..,..,..,..,AGO
7,Anguilla,..,..,..,..,..,..,..,..,..,..,..,..,..,..,..,..,..,..,..,..,..,..,..,..,..,..,..,..,..,..,..,..,..,..,..,..,..,..,59.65322,59.49558,58.50847,..,..,..,..,..,..,..,..,AIA
8,Antigua and Barbuda,..,..,..,..,..,..,..,..,..,..,..,..,..,..,..,..,..,..,..,..,..,..,..,..,..,..,..,..,..,..,..,..,..,..,..,..,..,..,..,..,..,..,..,..,..,..,..,..,..,ATG
9,Argentina,..,..,..,..,..,..,..,..,..,..,..,..,..,..,..,..,..,..,..,..,..,..,..,..,..,..,..,..,..,..,..,..,..,..,..,..,..,..,..,12.82827,6.41072,..,10.68215,..,17.8538,20.78044,..,23.50154,..,ARG
10,Armenia,..,..,..,..,44.80271,42.91875,..,..,..,..,..,..,..,..,..,..,..,..,..,..,..,..,..,..,..,..,..,..,14.63703,10.641,9.30792,7.74333,7.44978,7.45992,7.64199,7.75711,6.4489,5.93905,4.10514,5.04998,4.38616,3.37278,2.70915,2.87453,3.18266,2.86846,2.95647,..,..,ARM
11,Aruba,..,..,..,..,..,..,..,..,..,..,..,..,..,..,..,..,..,..,..,..,..,..,..,..,..,..,..,..,..,..,..,..,..,..,..,..,..,6.02476,..,5.45172,5.67469,7.68316,..,..,..,..,..,..,..,ABW
12,Australia,..,..,..,..,..,..,..,..,..,..,..,..,..,..,..,..,..,..,..,..,..,..,..,..,..,..,..,..,..,3.47065,5.50314,8.8855,2.92963,8.50029,9.76932,9.7152,..,3.46354,6.92732,6.63319,..,..,..,..,..,..,..,..,..,AUS
13,Austria,..,..,..,..,..,..,..,..,..,..,..,..,..,..,..,..,..,..,..,..,..,..,..,5.67538,5.42939,5.5202,4.23938,..,..,..,..,..,..,..,..,..,..,..,..,..,..,..,..,..,..,0.10739,0.36862,1.20217,..,AUT
14,Azerbaijan,..,..,..,..,..,..,..,..,..,..,..,..,..,..,..,..,..,..,..,..,..,..,..,..,..,..,..,..,..,4.40145,4.28323,..,4.76472,4.55335,6.45025,3.39715,2.64523,4.64413,4.92236,5.22582,6.1735,6.11723,6.59099,6.05192,5.65823,5.13567,4.31827,3.96101,..,AZE
15,Bahamas,..,..,..,..,..,..,..,..,..,..,..,..,..,..,..,..,..,..,..,..,..,..,..,..,..,..,..,..,..,..,..,..,..,..,..,..,..,..,..,..,..,..,..,..,9.53186,7.62962,..,..,..,BHS
16,Bahrain,..,..,..,..,..,..,..,..,..,..,..,..,..,..,..,..,..,..,..,..,..,..,..,..,..,..,..,..,..,24.17634,..,..,..,..,11.71287,10.09189,6.39991,2.81706,2.73783,5.4835,6.80113,..,..,..,..,..,8.02569,..,..,BHR
17,Bangladesh,..,..,..,..,..,..,..,24.82327,24.21709,20.78658,..,..,21.1748,10.6677,11.14613,6.61466,4.46186,8.24574,..,8.28137,..,..,..,..,0.6875,0.26949,..,4.84366,7.13344,8.40338,7.56906,4.47518,5.50035,5.45907,4.49149,3.67851,2.95863,..,..,..,..,10.03759,11.92442,10.19353,7.18421,5.21557,2.28788,2.65011,..,BGD
18,Barbados,..,..,..,..,..,..,..,..,..,..,..,..,..,..,..,..,..,..,..,..,..,..,..,..,..,..,..,..,..,..,..,..,..,..,..,53.133,52.56609,..,..,47.38497,45.39434,..,..,..,..,..,..,21.91579,..,BRB
19,Belarus,..,..,..,..,..,..,..,..,..,..,..,..,..,14.22417,..,..,..,..,..,14.21569,..,..,..,..,..,..,..,..,..,3.28396,6.47157,10.38922,7.99272,6.14696,2.05228,4.69819,4.18029,5.68053,8.19706,8.48662,9.8118,3.41588,..,..,..,..,..,0.24908,..,BLR
20,Belgium,..,..,..,..,..,..,..,..,..,..,..,..,..,..,..,..,..,..,..,..,..,..,..,..,..,..,..,..,..,..,..,..,..,..,..,..,..,..,..,..,2.97003,3.46296,4.17825,2.7144,1.45422,0.12506,..,0.83413,..,BEL
21,Belize,..,..,..,..,..,..,..,14.84057,..,..,..,..,..,..,..,..,..,..,..,..,..,..,..,0.61043,..,..,..,..,..,1.58397,1.95151,1.02828,0.78317,0.08025,0.01406,0.15549,0.38235,1.58581,1.91108,2.02751,2.76044,2.78339,2.26201,1.74293,1.74643,2.02682,1.91754,..,..,BLZ
22,Benin,..,..,..,..,..,..,..,..,..,..,..,..,..,..,..,..,..,..,..,..,..,..,..,..,..,..,..,..,..,26.33278,23.37662,21.58487,..,15.15118,..,19.27023,19.00673,19.47722,21.33011,21.85658,22.96905,21.49202,20.03459,19.63086,19.91979,20.16426,17.64455,18.98195,..,BEN
23,Bermuda,..,..,..,..,..,..,..,..,..,..,..,..,..,..,..,..,..,..,..,..,..,..,..,..,..,..,..,..,..,..,..,..,..,..,..,..,..,..,..,..,..,..,..,53.50544,..,..,..,..,..,BMU
24,Bhutan,..,..,..,..,..,..,..,..,..,..,..,..,..,..,..,..,..,..,..,..,..,..,..,..,..,..,..,..,..,..,..,..,..,..,..,..,..,..,..,..,..,20.73967,..,..,..,..,..,..,..,BTN
25,Bolivia (Plurinational State of),..,..,..,..,..,..,..,..,..,..,..,..,..,..,..,..,..,..,..,..,..,..,..,..,..,..,..,..,61.69893,59.04025,57.04784,55.28587,..,..,..,44.36407,41.42176,..,34.42298,31.58029,26.43784,23.36538,20.19972,22.15601,..,17.39819,16.9137,15.48921,..,BOL
26,Bosnia and Herzegovina,..,..,..,..,..,..,..,..,..,..,..,..,..,..,..,..,..,..,..,..,..,..,..,..,..,..,..,..,..,..,23.7319,21.83591,17.71733,16.3609,14.17801,13.49431,13.36894,13.04088,11.964,17.61666,17.79333,18.74734,15.34751,14.59532,14.7879,14.82407,15.27047,16.55818,..,BIH
27,Botswana,..,..,..,..,..,..,..,..,..,..,..,..,..,..,..,..,..,..,..,..,..,..,..,..,..,..,..,..,..,..,..,..,..,..,..,..,..,..,..,..,..,..,..,..,..,..,..,..,..,BWA
28,Brazil,..,76.42996,77.94211,65.73925,65.59178,64.96293,65.24675,63.63167,61.65744,58.49227,56.25776,..,..,..,..,..,..,..,..,43.77248,..,..,..,..,..,18.99027,..,..,16.70808,11.5578,10.00674,..,10.22538,8.63631,..,..,..,..,..,..,..,..,..,..,..,..,..,..,..,BRA
29,British Virgin Islands,..,..,..,..,..,..,..,..,..,..,..,..,..,..,..,..,..,..,..,..,..,..,..,..,..,..,..,..,..,..,..,..,..,..,..,..,..,9.28061,..,5.84029,..,7.28817,9.68161,8.6311,8.10689,9.77426,9.39503,..,..,VGB
30,Brunei Darussalam,..,..,..,..,..,..,..,..,..,..,..,..,..,..,..,..,..,..,..,..,..,..,..,..,..,..,..,..,..,..,..,..,..,..,..,..,..,..,..,..,..,..,..,..,..,..,..,..,..,BRN
31,Bulgaria,..,..,..,..,..,..,..,..,..,22.76625,22.7348,19.21746,18.9768,17.83682,19.43849,..,..,..,..,..,..,..,..,..,..,..,..,..,..,..,..,..,..,..,..,8.8718,8.89731,8.64715,9.65176,8.93083,6.27916,6.1468,4.66862,6.04257,10.07255,12.94093,12.91921,12.09012,..,BGR
32,Burkina Faso,..,..,..,..,..,..,..,..,..,..,..,..,..,..,..,..,..,..,..,..,..,..,..,..,..,..,..,..,12.74455,12.10109,11.3567,10.37251,10.13076,12.24551,11.73473,12.15893,13.31884,13.64073,15.02148,15.98253,15.57946,13.69602,12.6314,11.17078,9.84947,8.7974,9.70634,..,..,BFA
33,Burundi,..,..,..,..,..,..,..,..,..,..,..,..,..,..,..,..,..,..,..,..,..,..,..,..,..,..,..,..,..,88.00334,..,89.73384,..,87.58483,87.2053,86.37851,85.3832,84.40184,81.98806,79.19904,68.28914,66.85087,64.25296,60.79848,..,54.84934,56.99314,54.51472,..,BDI
34,Cambodia,..,..,..,..,..,..,..,..,..,..,..,..,..,..,..,..,..,..,..,..,..,..,..,..,..,..,..,..,..,..,..,..,..,..,..,..,..,..,..,56.89925,52.14929,..,..,..,..,..,..,41.83737,..,KHM
35,Cameroon,..,..,..,..,..,..,..,..,..,..,..,..,..,..,..,..,..,..,..,..,..,..,..,..,..,..,..,..,88.27815,89.57001,88.80413,87.58942,83.27519,79.28315,76.55102,..,54.42762,41.5737,41.3261,..,..,..,..,..,..,..,..,..,..,CMR
36,Canada,..,76.45116,75.1959,..,..,..,..,..,..,..,..,..,..,..,..,..,..,..,..,..,..,..,..,..,..,..,..,..,..,..,..,..,..,..,..,..,..,..,..,..,..,..,49.84148,..,47.01728,45.59181,..,..,..,CAN
37,Cabo Verde,..,..,..,..,..,..,..,..,..,..,..,..,..,..,..,..,..,..,..,..,..,..,..,..,..,..,..,..,..,..,..,..,..,..,..,..,..,..,..,..,..,..,7.53909,7.72472,8.34731,7.66858,4.30456,..,..,CPV
38,Cayman Islands,..,..,..,..,..,..,..,..,..,..,..,..,..,..,..,..,..,..,..,..,..,..,..,..,..,..,..,..,..,..,..,..,20.33336,20.92457,22.32497,19.14435,17.81232,17.04739,..,16.44334,..,..,20.82298,22.1467,23.77858,25.43834,25.82649,25.99019,..,CYM
39,Central African Republic,..,..,..,..,..,..,..,..,..,..,..,..,..,..,..,..,..,..,..,..,..,..,..,..,..,..,..,..,..,..,..,..,..,..,..,..,..,..,..,..,..,..,..,..,..,..,..,..,..,CAF
40,Chad,..,..,..,..,..,..,..,..,..,..,..,..,..,..,..,..,..,..,..,..,..,..,..,..,..,..,..,..,..,..,..,..,..,..,..,..,..,..,..,77.59146,..,75.20045,75.74811,..,..,..,..,..,..,TCD
41,Channel Islands,..,..,..,..,..,..,..,..,..,..,..,..,..,..,..,..,..,..,..,..,..,..,..,..,..,..,..,..,90.35792,89.84911,88.65065,86.57767,85.25007,84.64403,..,..,..,..,..,..,..,..,..,..,..,78.10454,76.9069,..,..,
42,Chile,..,..,..,..,..,..,..,..,..,..,..,..,..,..,..,..,..,..,..,..,..,..,..,..,..,..,..,..,..,..,..,..,..,..,..,..,..,..,..,..,..,..,..,..,..,..,..,..,..,CHL
43,China,..,..,..,..,..,..,..,..,..,..,..,..,..,..,..,..,..,..,..,..,..,..,..,..,..,..,..,..,..,..,..,..,..,..,..,..,..,3.97788,4.77419,7.10223,5.49454,5.71606,7.24888,5.58059,5.81088,6.07635,6.4127,6.95289,..,CHN
44,"China, Hong Kong Special Administrative Region",..,..,..,..,..,..,..,..,..,..,..,..,..,..,..,..,..,..,..,..,..,..,..,..,..,..,..,..,..,..,..,..,..,..,..,..,..,..,..,..,..,..,..,..,..,..,..,..,..,HKG
45,"China, Macao Special Administrative Region",..,..,..,..,..,..,..,..,..,..,..,..,..,..,..,..,..,..,..,..,..,..,..,..,..,..,..,..,..,..,..,22.98451,23.20262,21.63575,21.60268,21.33935,21.41176,20.62917,20.59914,19.76941,14.60623,17.31424,8.55944,8.78192,8.78401,8.48776,5.83138,4.87668,..,MAC
46,Colombia,..,..,..,..,..,..,..,..,..,..,..,..,..,..,..,..,..,..,..,..,30.33958,..,20.13534,..,..,..,..,..,..,18.56538,12.88042,10.20702,14.76227,19.3286,21.93343,23.52601,23.63403,25.07266,24.97067,23.30382,18.16497,19.85093,19.5499,19.10031,18.80024,16.52769,11.3279,7.92004,..,COL
47,Comoros,..,..,..,..,..,..,..,..,..,..,..,..,..,..,..,..,..,..,..,..,..,..,..,..,..,..,..,..,..,..,..,..,..,..,..,16.86273,12.24424,9.47173,9.16745,7.31129,6.42153,5.31927,6.03668,4.67955,7.21681,8.14511,8.03842,8.51505,..,COM
48,Congo,..,..,..,..,..,..,..,..,..,..,..,..,..,..,..,..,..,..,..,..,..,..,..,..,..,..,..,..,..,..,..,..,..,..,..,..,..,..,..,..,..,..,..,37.93004,36.34852,..,..,39.64952,..,COG
49,Cook Islands,..,..,..,..,52.90053,..,45.24625,..,..,..,..,..,..,..,..,..,..,..,..,..,..,..,..,..,..,..,..,..,..,..,..,..,..,..,..,..,..,..,..,..,..,..,..,..,..,..,..,..,..,COK
50,Costa Rica,..,..,..,..,..,..,..,..,..,..,..,..,..,..,..,..,..,..,..,..,..,..,..,..,..,..,..,..,33.16547,35.33619,24.4529,..,..,..,..,16.90909,..,12.02652,..,..,15.79439,7.76153,9.04018,9.96678,12.8149,8.86486,12.58286,..,..,CRI
51,Côte d'Ivoire,46.19677,..,..,42.13064,..,46.06133,46.62442,..,..,42.13053,..,43.27227,45.97615,..,..,47.93263,46.62219,45.56869,..,43.72173,42.19225,40.45659,..,..,..,..,..,..,..,..,..,..,..,..,..,..,..,..,..,..,..,11.69279,12.36203,10.96331,9.90246,8.56949,7.17036,..,..,
52,Croatia,..,..,..,..,..,..,..,..,..,..,..,..,..,..,..,..,..,..,..,..,..,..,..,..,..,..,..,..,..,..,..,..,..,..,..,..,..,..,..,..,..,..,..,..,64.17513,..,60.72643,57.29324,..,HRV
53,Cuba,..,..,..,..,..,..,..,..,..,..,..,..,..,..,..,..,..,..,..,..,..,..,..,..,..,..,..,..,..,14.11841,13.6239,13.43136,12.62996,11.13469,..,8.82042,..,..,6.05016,2.14137,1.5716,3.22376,2.22212,2.88924,3.99409,4.75788,6.30461,..,..,CUB
54,Curaçao,..,..,..,..,..,..,..,..,..,..,..,..,..,..,..,..,23.88392,26.05943,25.52032,23.61477,25.32648,23.34911,25.0647,..,33.78187,..,..,..,..,16.42579,14.33399,12.2489,13.84819,12.00875,11.63556,9.93924,8.73768,10.18644,11.41046,12.84752,10.20359,9.24242,9.31519,9.11242,8.30513,9.43378,9.48648,7.6419,..,CUW
55,Cyprus,..,..,..,..,..,..,..,..,..,..,..,..,..,..,..,..,..,..,..,..,..,..,..,..,..,..,..,..,..,..,..,..,..,..,..,..,..,..,..,..,..,..,..,..,..,..,..,..,..,CYP
56,Czechia,..,..,..,..,..,..,..,..,..,..,..,..,..,..,..,..,..,..,..,..,..,..,..,..,..,..,..,..,..,8.20588,9.83419,9.74962,4.98701,3.39584,5.07581,3.48887,3.35486,1.77877,1.16689,1.62187,7.98542,7.76155,5.48201,4.49009,3.1445,3.57677,..,..,..,CZE
57,Democratic People's Republic of Korea,..,..,..,..,..,..,..,..,..,..,..,..,..,..,..,..,..,..,..,..,..,..,..,..,..,..,..,..,..,..,..,2.67527,1.00554,..,1.02614,..,..,..,..,..,..,..,..,6.32045,4.61971,2.628,0.88459,..,..,PRK
58,Democratic Republic of the Congo,..,..,..,..,..,..,..,..,..,..,..,..,..,..,..,..,..,..,..,..,..,..,..,..,..,..,..,..,..,..,..,..,..,..,..,..,..,..,..,..,..,..,..,..,..,9.35676,..,..,..,COD
59,Denmark,..,..,..,..,..,..,..,..,..,..,..,..,..,..,..,..,..,..,..,..,..,..,71.79308,68.21384,73.54093,..,..,..,..,..,..,..,..,..,..,..,..,..,..,..,..,..,..,..,..,..,..,..,..,DNK
60,Djibouti,..,..,..,..,..,..,..,..,..,..,..,..,..,..,..,..,..,..,..,..,..,..,..,..,..,..,..,..,9.39271,..,9.04403,9.3892,7.41371,..,6.10936,5.93535,6.73693,6.8594,6.63843,6.47652,6.43583,5.17215,6.12217,6.1198,6.52012,6.60075,6.16857,..,..,DJI
61,Dominica,..,..,..,..,..,..,..,..,..,..,..,..,..,..,..,..,..,..,..,..,..,..,..,..,..,..,..,..,..,..,..,83.65934,83.05306,..,78.77513,79.07149,..,..,71.6474,..,..,..,..,..,..,62.64945,..,..,..,DMA
62,Dominican Republic,..,..,..,..,..,..,..,..,..,..,..,..,..,..,..,..,..,..,..,..,..,..,..,..,..,..,..,..,..,3.19452,6.82467,8.40772,..,7.8163,6.71937,5.26001,15.15593,..,..,13.53623,13.55431,15.11734,..,..,..,10.43796,4.55423,..,..,DOM
63,Ecuador,..,..,..,..,..,..,..,..,..,..,..,..,..,..,..,..,..,..,..,..,..,..,..,..,..,..,..,..,..,31.06861,28.25653,..,15.33347,..,24.90564,21.6722,..,13.21778,14.64939,21.82733,19.70864,20.03206,19.92488,17.2085,16.07908,15.98,15.4104,15.86069,..,ECU
64,Egypt,..,..,..,..,..,..,..,..,..,..,..,..,..,..,..,..,..,..,..,..,..,..,..,..,..,..,..,..,38.77445,38.25395,38.18444,38.05578,37.96689,37.99785,..,35.52396,34.56358,33.2736,..,15.3597,13.51654,9.73742,7.87092,11.95508,12.04938,9.88434,8.06119,..,..,EGY
65,El Salvador,..,..,..,..,..,..,..,..,..,..,..,..,..,..,..,..,..,..,..,..,..,..,..,..,..,..,..,..,..,..,..,..,..,..,..,..,..,..,..,..,..,..,..,..,17.03231,..,15.57966,15.76566,..,SLV
66,Equatorial Guinea,..,..,..,..,..,..,..,..,..,..,..,..,..,..,..,..,..,..,..,..,..,..,..,..,..,..,..,..,..,..,34.1647,32.09716,29.64362,..,..,22.31809,23.18049,23.08374,23.46478,22.83272,20.82391,19.87277,19.02456,17.2782,18.30067,20.60078,22.88485,26.74156,..,GNQ
67,Eritrea,..,..,..,..,..,..,..,..,..,..,..,..,..,..,..,..,..,..,..,..,..,..,..,..,..,..,..,..,..,..,..,..,..,..,..,..,..,..,..,..,..,..,..,..,..,..,..,..,..,ERI
68,Estonia,..,..,..,..,..,..,..,..,..,..,..,..,..,..,..,..,..,..,..,..,..,..,..,..,71.99385,70.14634,..,69.11904,..,69.12002,67.68912,70.19794,70.8767,69.85754,72.06304,70.90917,70.72015,70.22272,69.29002,67.57808,65.75228,65.30636,65.00613,63.24946,63.27642,65.9128,..,65.93804,..,EST
69,Eswatini,..,..,..,..,..,..,..,..,..,..,..,..,..,..,..,..,..,..,..,..,..,..,..,..,..,..,..,..,13.66212,5.30626,3.5787,2.61939,2.03548,2.21073,3.10037,2.50864,1.78724,1.5814,2.99879,4.65393,5.58787,5.94922,6.25781,5.96656,4.43061,3.34125,1.98677,..,..,SWZ
70,Ethiopia,..,59.11674,56.8811,..,51.03349,51.34956,50.71741,49.12133,..,..,..,..,..,..,..,..,..,..,..,..,..,..,..,..,..,..,..,..,..,..,..,..,..,..,..,..,..,..,..,24.45924,24.91206,24.95313,23.54518,22.40695,21.67556,19.88696,..,..,..,ETH
71,Faeroe Islands,..,..,..,..,..,..,..,..,..,..,..,..,..,..,..,..,..,..,..,..,..,..,..,..,..,..,..,..,..,81.41485,79.92538,77.89578,75.65799,..,..,..,..,..,..,..,..,..,..,..,56.36099,57.26302,..,..,..,
72,Falkland Islands (Malvinas),..,..,..,..,..,..,..,..,..,..,..,..,..,..,..,..,..,..,..,..,..,..,..,..,..,..,..,..,..,..,..,..,..,..,..,..,..,..,..,..,..,..,..,..,..,..,..,..,..,FLK
73,Fiji,..,..,..,..,..,..,..,..,..,..,..,..,..,..,..,..,..,..,..,..,..,..,..,..,..,..,..,..,..,..,..,..,..,..,..,..,..,..,..,..,..,..,..,..,..,..,..,..,..,FJI
74,Finland,..,..,..,..,..,..,..,..,..,..,..,..,..,..,..,..,..,..,..,..,..,..,..,..,..,..,..,..,..,18.01786,20.12839,18.58391,16.20068,15.88249,11.14945,..,12.28129,14.03903,..,13.23505,..,9.79831,9.79768,..,..,..,..,..,..,FIN
75,France,..,..,..,..,..,..,..,..,..,..,..,..,..,..,..,..,..,..,..,..,..,..,..,..,..,..,..,..,4.75776,4.64717,4.30817,4.25437,4.06154,3.77829,4.78825,3.77909,3.12783,2.97144,3.74287,4.41189,4.84135,5.31761,5.86324,4.1369,4.15825,3.2092,2.56584,..,..,FRA
76,French Guiana,..,..,..,..,..,..,..,..,..,..,..,..,..,..,..,..,..,..,..,..,..,..,..,..,..,..,..,..,..,3.20988,6.63064,6.92531,6.9597,7.15802,7.37052,3.12203,3.28204,3.26282,3.1309,3.07373,3.14844,3.4316,3.25233,3.30657,3.18965,3.25315,3.27775,..,..,GUF
77,French Polynesia,..,..,..,..,..,..,..,..,..,..,..,..,..,..,..,..,..,..,..,..,..,..,..,..,..,..,..,..,..,..,..,..,..,..,..,..,..,..,..,..,..,..,..,..,..,..,..,..,..,PYF
78,Gabon,..,..,..,..,..,..,..,..,..,..,..,..,..,..,..,..,..,..,..,..,..,..,..,..,..,..,..,..,..,..,..,..,..,..,..,..,..,..,..,..,..,..,..,..,..,..,..,..,..,GAB
79,Gambia,..,..,..,..,..,..,..,..,..,..,..,..,..,..,..,..,..,..,..,..,..,..,..,..,..,..,..,..,..,..,..,..,..,..,..,..,..,..,..,..,..,..,..,..,..,..,..,..,..,GMB
80,Georgia,..,..,..,..,..,..,..,..,..,..,..,..,..,..,..,..,..,..,..,..,..,..,..,..,..,..,..,..,..,..,..,..,..,..,..,..,..,..,..,..,..,..,..,..,..,..,..,..,..,GEO
81,Germany,..,..,..,..,..,..,..,..,..,..,..,..,..,..,..,..,..,..,..,..,..,..,..,..,..,..,24.25451,23.40214,..,..,..,..,..,..,..,19.9045,16.047,..,15.73278,..,..,..,..,8.53709,4.68954,3.75809,3.4396,2.36809,..,DEU
82,Ghana,..,..,..,..,..,..,..,..,..,..,..,..,..,..,..,..,..,..,..,..,..,..,..,..,..,..,..,..,..,..,..,..,..,..,..,..,..,..,..,..,..,..,..,..,..,..,..,..,..,GHA
83,Gibraltar,..,..,..,..,..,..,..,..,..,..,..,..,..,..,..,..,..,..,..,..,..,..,..,..,..,..,..,..,..,55.62413,54.13338,54.34007,51.88872,53.37711,..,45.91874,38.32463,33.06496,32.24031,33.10051,..,..,..,25.79159,29.60165,23.81251,23.7994,23.3846,22.07195,GIB
84,Greece,..,..,..,..,..,..,..,..,..,..,..,..,..,..,..,..,..,..,..,..,..,..,..,..,..,..,..,..,..,..,..,..,..,..,..,..,..,..,..,..,..,..,..,..,..,..,..,..,..,GRC
85,Greenland,..,..,..,..,..,..,..,..,..,..,..,..,..,..,..,..,..,..,..,..,..,..,..,..,..,..,..,..,16.11361,16.76014,16.78539,15.30508,13.57926,14.49559,13.56669,8.01399,9.13545,12.99962,..,..,7.63409,..,..,9.0776,10.7014,9.37085,9.24688,..,..,GRL
86,Grenada,..,..,..,..,..,..,..,..,..,..,..,..,..,..,..,..,..,..,..,..,..,..,..,..,..,..,..,..,..,..,..,..,..,..,..,..,..,..,..,..,..,..,..,..,..,..,..,..,..,GRD
87,Guadeloupe,..,..,11.05284,..,..,..,..,..,..,..,..,..,..,..,..,..,..,..,..,..,..,..,..,..,..,..,..,..,..,..,..,..,4.05017,19.18719,12.39493,18.65683,..,..,..,..,..,..,..,16.62898,14.77249,7.80807,1.99776,19.83395,..,GLP
88,Guam,..,..,..,..,..,..,..,..,..,..,..,..,..,..,..,..,..,..,..,..,..,..,..,..,..,..,..,..,..,..,..,..,..,..,..,..,..,..,..,..,..,..,..,..,..,..,..,..,..,GUM
89,Guatemala,..,..,..,..,..,..,..,..,..,..,..,..,..,..,..,..,..,..,..,..,..,..,..,..,..,..,..,..,..,..,..,..,..,..,..,..,..,..,..,..,..,..,..,..,..,..,..,..,..,GTM
90,Guernsey,..,..,..,..,..,..,..,..,..,..,..,..,..,..,..,..,..,..,..,..,..,..,..,..,..,..,..,..,..,66.67849,63.27332,59.49553,57.79007,..,..,..,..,..,48.55095,46.52388,42.7596,44.47442,45.40176,45.87185,46.14479,46.22505,47.33955,48.13072,..,GGY
91,Guinea,..,..,..,..,..,..,..,..,..,..,..,..,..,..,..,..,..,..,..,..,..,..,..,..,..,..,..,..,..,..,..,..,..,..,..,..,..,..,..,..,..,..,..,..,..,..,..,..,..,GIN
92,Guinea-Bissau,..,..,..,..,..,..,..,..,..,..,..,..,..,..,..,..,..,..,..,..,..,..,..,..,..,..,..,..,..,86.6485,..,83.06936,80.24929,78.15543,76.56159,72.75736,70.33794,..,..,..,..,67.34807,..,..,65.29735,..,..,..,..,GNB
93,Guyana,..,..,..,..,..,..,..,..,..,..,..,..,..,..,..,..,..,..,..,..,..,..,..,..,..,..,..,..,..,..,70.17026,..,..,..,..,..,..,..,..,..,..,..,..,..,..,..,..,..,..,GUY
94,Haiti,..,30.78189,..,..,..,..,..,..,..,..,..,..,..,..,..,..,..,..,..,..,..,..,..,..,..,..,..,..,..,..,..,..,..,..,..,..,..,..,..,22.0181,..,8.8067,12.7987,..,..,..,..,..,..,HTI
95,Holy See,..,..,..,..,..,..,..,..,..,..,..,..,..,..,..,..,..,..,..,..,..,..,..,..,..,..,..,..,..,..,..,..,..,..,..,..,..,..,..,..,..,..,..,..,..,..,..,..,..,VAT
96,Honduras,..,..,..,..,..,..,..,..,..,..,..,..,..,..,..,..,..,..,..,..,..,..,..,..,..,..,..,..,..,..,..,..,..,..,..,..,..,..,..,..,..,..,..,..,..,..,..,..,..,HND
97,Hungary,..,..,..,..,..,..,..,..,..,..,..,..,..,..,..,..,..,..,..,..,..,..,..,..,..,..,..,..,..,..,..,..,..,..,..,..,..,..,..,..,..,..,..,36.55835,42.6923,41.98589,41.85708,41.64573,..,HUN
98,Iceland,..,..,..,..,..,..,..,..,..,..,..,..,..,..,..,..,..,..,..,..,..,..,..,..,..,..,..,15.66638,14.22834,10.53803,9.39363,7.33812,5.90222,5.15955,7.47458,5.83152,5.6486,5.75453,6.08866,7.05368,7.48219,8.49644,8.04377,7.19164,7.01479,7.70211,8.04803,..,..,ISL
99,India,..,..,..,..,..,..,..,..,..,..,..,..,..,..,..,..,..,..,..,..,..,..,..,..,..,..,..,..,13.18381,13.82451,15.27251,15.96599,14.42241,13.70826,12.66553,10.11794,9.43028,8.5449,9.71924,11.53201,10.92815,12.27907,11.78418,10.2517,9.82853,9.13776,8.04922,..,..,IND
100,Indonesia,..,..,..,..,..,..,..,..,..,..,..,..,..,..,..,..,..,..,..,..,..,..,..,..,..,..,..,..,..,..,..,..,..,..,..,..,..,..,..,..,..,..,..,32.70012,..,..,..,..,..,IDN
101,Iran (Islamic Republic of),..,..,..,..,..,..,..,..,..,..,..,..,..,..,..,..,..,..,..,..,..,..,..,..,..,..,..,..,..,..,..,44.75077,40.57097,36.02655,34.02005,39.21664,38.844,32.08071,33.79686,32.57969,30.90562,24.33045,20.91197,20.95259,21.29483,..,..,..,..,IRN
102,Iraq,..,..,..,..,..,..,..,..,..,..,..,..,..,..,..,..,..,..,..,..,..,..,..,..,..,..,..,..,..,..,..,..,..,..,..,..,..,..,..,20.66931,21.20046,17.88887,13.69548,17.99334,16.07373,..,12.48832,12.27411,..,IRQ
103,Ireland,..,..,..,..,..,..,..,..,..,..,..,..,..,..,..,..,..,..,..,..,..,..,..,..,..,..,..,..,..,69.56007,68.20211,..,..,59.08959,56.57793,..,..,47.94953,..,..,..,..,..,..,..,..,..,..,..,IRL
104,Isle of Man,..,..,..,12.95748,11.38601,..,..,..,..,..,..,..,..,..,..,..,..,..,..,..,..,..,..,..,..,..,..,..,6.89249,7.0017,2.76293,2.87178,2.32651,1.50043,1.07511,0.80105,2.2668,0.98176,1.93362,1.75931,0.02392,..,0.06039,..,..,..,..,..,..,IMN
105,Israel,..,..,..,..,..,..,..,..,..,..,..,..,..,..,..,..,..,..,..,..,..,..,..,..,..,..,..,..,..,..,..,..,..,..,..,..,..,..,..,..,..,..,..,..,..,..,..,..,..,ISR
106,Italy,..,..,..,..,..,..,..,..,..,..,..,..,..,..,..,..,..,..,..,..,..,..,..,..,..,..,..,..,..,3.46758,1.17404,0.60717,0.7368,1.09591,1.03664,0.52866,..,0.23378,..,..,..,0.01228,0.03626,0.3411,0.22538,0.11772,..,..,..,ITA
107,Jamaica,..,..,..,..,..,..,..,..,..,..,..,..,..,..,..,..,..,..,..,..,..,..,..,..,..,..,..,..,..,13.49305,13.58738,10.58279,9.79579,8.84716,7.61415,7.07494,5.25929,6.18515,4.32266,4.68818,3.91661,6.26994,6.68568,4.76423,4.33074,3.42533,3.04743,..,..,JAM
108,Japan,..,..,..,..,..,..,..,..,..,..,..,..,..,..,..,..,..,..,..,..,..,..,..,..,..,..,..,..,..,13.41903,17.47274,18.91112,17.19523,16.79224,12.08028,11.7677,..,..,..,..,..,..,..,18.6344,18.91316,19.84707,18.43913,17.78169,..,JPN
109,Jersey,..,..,..,..,..,..,..,..,..,..,..,..,..,..,..,..,..,..,..,..,..,..,..,..,..,..,..,..,..,..,..,..,..,..,..,..,..,..,..,..,..,..,..,1.22702,1.68631,1.26932,0.98417,..,..,JEY
110,Jordan,..,..,..,..,..,..,..,..,..,..,..,..,..,..,..,..,..,..,..,..,..,..,..,..,..,..,..,..,..,..,..,..,..,..,..,..,..,..,..,..,..,..,..,..,..,..,..,..,..,JOR
111,Kazakhstan,..,..,..,..,..,..,..,..,..,..,..,..,..,..,..,..,..,..,..,..,..,..,..,..,..,..,..,..,..,20.50998,20.56834,..,17.66723,17.09031,18.01252,19.29542,15.95437,..,15.45296,..,..,20.41857,..,27.9478,29.09326,..,..,34.41258,..,KAZ
112,Kenya,..,..,..,..,..,..,..,..,..,..,..,..,..,..,..,..,..,..,..,..,..,..,..,..,..,..,..,..,..,..,5.11461,..,..,..,..,..,0.20021,..,..,..,0.34489,0.26179,..,0.03946,..,..,..,..,..,KEN
113,Kiribati,..,..,..,..,..,..,..,..,..,..,..,..,..,..,..,..,..,..,..,..,..,..,..,..,..,..,..,..,..,..,36.74468,..,37.15907,33.63175,30.05039,28.18836,29.16782,33.78793,22.80887,23.2533,..,..,..,..,..,..,..,..,..,KIR
114,Kuwait,..,..,..,..,..,..,..,..,..,..,..,..,..,..,..,..,..,..,..,..,..,..,..,..,..,..,..,..,..,..,..,..,..,..,..,..,..,..,..,..,..,..,..,..,..,..,..,..,..,KWT
115,Kyrgyzstan,..,..,..,..,..,..,..,..,..,..,..,..,..,..,..,..,..,..,..,..,..,..,..,..,..,..,8.77113,..,..,12.98772,14.85672,15.45992,..,..,..,..,..,7.92324,8.89965,..,9.06223,11.6368,10.99858,12.2067,12.34917,9.03607,..,..,..,KGZ
116,Lao People's Democratic Republic,..,..,..,..,..,..,..,..,..,..,..,..,..,..,..,..,..,..,..,..,..,..,..,..,..,..,..,..,..,..,..,..,..,..,12.93495,12.83451,12.40218,12.98458,..,..,..,..,..,..,14.76604,10.78066,8.57323,7.98946,..,LAO
117,Latvia,..,..,..,..,..,..,..,..,..,..,..,..,..,..,..,..,..,..,..,..,..,..,57.4365,..,..,..,..,50.01312,48.9938,48.73783,50.17058,50.27853,49.26213,46.77148,45.13724,44.88721,45.61653,45.45886,44.33638,40.93631,40.23817,42.85331,41.05194,38.77366,34.24505,31.49758,30.57564,30.31043,..,LVA
118,Lebanon,..,..,..,..,..,..,..,..,..,..,..,..,..,..,..,..,..,..,..,..,..,..,..,..,..,..,..,..,..,..,..,..,..,..,..,..,..,..,4.07787,5.47649,5.10396,4.56904,4.51324,2.2969,2.81251,3.03611,2.33955,2.18362,..,LBN
119,Lesotho,..,..,..,..,..,..,..,..,..,..,..,..,..,..,..,..,..,..,..,..,..,..,..,..,..,..,..,..,..,..,..,..,..,..,..,..,23.2929,23.15582,23.1168,21.5574,24.10787,24.54103,29.94376,..,..,..,..,..,..,LSO
120,Liberia,..,..,42.18875,34.80421,..,..,..,42.83748,24.42147,24.71364,22.99746,20.35809,20.40303,19.55466,23.30159,20.69191,20.52997,..,..,..,..,14.76901,16.88101,20.16136,17.57605,..,15.76054,..,15.66678,11.76392,22.55026,21.25824,20.75885,17.40525,15.82106,15.26575,16.64321,21.14729,21.80754,21.46534,20.68591,22.15503,24.32705,25.66613,26.91784,26.98753,28.01544,..,..,LBR
121,Libya,..,..,..,..,..,..,..,..,..,..,..,..,..,..,..,..,..,..,..,..,..,..,..,..,..,..,..,..,..,..,..,..,..,..,..,..,..,..,..,..,..,..,..,..,29.03687,32.67247,..,..,..,LBY
122,Liechtenstein,..,..,..,..,..,..,..,..,..,..,..,..,..,..,..,..,..,..,..,..,..,..,..,..,..,..,..,..,..,..,..,..,..,..,..,..,..,..,..,..,..,..,..,..,..,..,..,..,..,LIE
123,Lithuania,..,..,..,..,..,..,..,..,..,..,..,..,..,..,..,..,..,..,..,..,..,..,..,..,..,..,..,..,..,..,..,..,..,..,10.93295,..,..,..,11.64523,13.69772,13.1234,14.86186,12.07896,..,..,15.66434,16.09901,..,..,LTU
124,Luxembourg,..,..,..,..,..,..,..,..,..,..,..,..,..,..,..,..,..,..,..,..,..,..,..,..,..,..,..,..,5.17196,4.11525,3.43053,1.41121,1.98362,1.76442,1.0158,0.72945,0.0439,..,..,0.32797,0.51246,0.39633,0.93664,0.88187,0.84568,0.80202,0.88468,..,..,LUX
125,Madagascar,..,..,..,..,..,..,..,..,..,..,..,..,..,..,..,..,..,..,..,..,..,..,..,..,..,..,..,..,..,10.92003,10.31301,12.79284,14.06893,13.98336,14.49035,11.03545,10.53159,10.90065,10.06783,..,8.43303,8.77142,9.48613,10.71819,10.87239,11.45327,11.0283,..,..,MDG
126,Malawi,..,..,..,..,..,..,..,..,..,..,..,..,..,..,..,..,..,..,..,..,..,..,..,..,..,..,..,..,..,..,..,59.86294,..,55.0079,..,..,..,..,..,..,..,..,..,..,..,..,..,..,..,MWI
127,Malaysia,..,..,..,..,..,..,..,..,..,..,..,..,..,..,..,..,..,..,..,..,..,..,..,..,..,..,..,..,..,34.86283,..,..,42.88874,..,47.57394,50.81166,47.88276,43.51694,40.53023,40.82884,..,..,..,38.8053,36.04683,36.12245,37.41314,..,..,MYS
128,Maldives,..,..,..,..,..,..,..,..,..,..,..,..,..,..,..,..,..,..,..,..,..,..,..,..,..,..,..,..,20.46414,21.55362,21.33364,19.56826,18.70806,10.20795,9.11777,14.74936,15.14798,19.78484,19.78143,19.66538,19.82356,20.85211,19.15497,21.49014,22.6639,21.89813,21.968,21.7285,..,MDV
129,Mali,..,..,..,..,..,..,..,..,..,..,..,..,..,..,..,..,..,..,..,..,..,..,..,..,..,..,..,..,..,22.63694,18.40303,..,17.2565,..,..,..,..,..,..,..,..,..,..,..,..,..,..,..,..,MLI
130,Malta,..,..,..,..,..,..,..,..,..,..,..,..,..,..,..,..,..,..,..,..,..,..,..,..,..,..,..,..,..,..,..,..,..,..,..,..,..,..,..,70.52319,69.02711,67.50564,..,..,62.92858,61.01065,62.11525,66.883,..,MLT
131,Marshall Islands,..,..,..,..,..,..,..,..,..,..,..,..,..,..,..,..,..,..,..,..,17.11865,15.66681,..,..,..,..,..,..,..,14.6236,..,12.97038,11.98694,..,..,..,..,..,..,..,..,..,7.45443,8.43426,7.00625,5.07213,6.6543,..,..,MHL
132,Martinique,..,..,..,..,..,..,..,..,..,..,..,..,..,..,..,..,..,..,..,..,..,..,..,..,..,..,..,..,..,..,..,..,22.10616,..,..,..,..,..,..,..,..,..,..,..,..,22.47948,24.37811,..,..,MTQ
133,Mauritania,..,..,..,..,..,..,..,..,..,..,..,..,..,..,..,..,..,..,..,..,..,..,..,..,..,..,..,..,..,..,..,..,..,..,..,..,..,..,..,..,..,..,..,..,..,..,..,..,..,MRT
134,Mauritius,..,..,..,..,..,..,..,..,..,..,..,..,..,..,..,..,..,..,..,..,..,..,..,..,..,..,..,..,..,..,..,67.09333,66.89262,..,67.68437,64.54276,66.38401,..,..,..,..,..,53.71716,56.42247,54.89087,..,54.22555,55.54458,..,MUS
135,Mayotte,..,..,..,..,..,..,..,..,..,..,..,..,..,..,..,..,..,..,..,..,..,..,..,..,..,..,..,..,28.07225,26.04803,24.31231,22.4225,19.92816,..,14.30759,..,..,..,..,..,..,..,..,..,..,8.21443,9.49378,9.35899,..,MYT
136,Mexico,..,..,..,..,..,..,..,..,..,..,..,..,..,..,..,..,..,..,..,..,..,..,..,..,..,..,..,..,..,..,..,..,..,..,..,..,..,..,..,..,..,..,..,..,..,..,..,..,..,MEX
137,Micronesia (Federated States of),..,..,..,..,..,..,..,..,..,..,..,..,..,..,..,..,..,..,..,..,..,..,..,..,..,..,..,..,..,37.9856,37.08059,..,32.14363,29.29681,27.7954,26.3951,25.46376,24.32956,24.17027,24.84621,25.75567,26.8727,26.45319,23.32336,21.87581,19.93246,18.53787,18.13186,..,FSM
138,Monaco,..,..,..,..,..,..,..,..,..,..,..,..,..,..,..,..,..,..,..,..,..,..,..,..,..,..,..,..,..,..,..,..,..,..,..,..,..,..,..,..,..,..,..,..,..,..,..,..,..,MCO
139,Mongolia,..,..,..,..,..,..,..,..,..,..,..,..,..,..,..,..,..,..,..,..,..,..,..,..,..,..,..,..,..,..,..,..,..,..,..,..,..,..,..,..,..,..,..,..,..,..,..,..,..,MNG
140,Montenegro,..,..,..,..,..,..,..,..,..,..,..,..,..,..,..,..,..,..,..,..,..,..,..,..,..,..,..,..,29.0293,27.84779,24.78378,19.38846,16.98186,8.17439,8.66202,6.62279,8.40782,..,..,..,..,..,..,..,..,..,..,..,..,MNE
141,Montserrat,..,..,..,..,..,..,..,..,..,..,..,..,..,..,..,..,..,..,..,..,..,..,..,..,..,..,..,..,..,..,..,..,..,..,..,..,..,..,..,..,..,..,..,..,..,..,8.78149,9.71277,..,MSR
142,Morocco,..,..,..,..,..,..,..,..,..,..,..,..,..,..,..,..,..,..,..,..,..,..,..,..,..,..,..,..,..,..,..,..,..,..,..,..,..,10.12246,..,..,..,..,..,..,..,..,..,..,..,MAR
143,Mozambique,..,..,..,..,..,..,..,..,..,..,..,..,..,..,..,..,..,..,..,..,..,..,..,..,..,..,..,..,..,..,..,..,..,..,..,47.37725,46.60754,44.91666,43.9449,..,40.4414,37.51895,33.68059,..,..,..,..,23.26956,..,MOZ
144,Myanmar,..,..,..,..,..,..,..,..,..,..,..,..,..,..,..,..,..,..,..,..,..,..,..,..,83.66592,82.48819,..,..,..,76.78059,74.32627,71.93188,61.12326,..,66.34088,62.36828,61.40488,58.52237,55.92145,54.59582,53.77105,54.98135,56.5064,54.90798,56.16229,57.46915,..,..,..,MMR
145,Namibia,..,..,..,..,..,..,..,..,..,..,..,..,..,..,..,..,..,..,..,..,..,..,..,..,..,..,..,..,..,..,59.3356,59.79038,58.38936,57.6117,51.58972,50.47329,48.05665,47.04247,..,45.38955,44.30199,..,..,..,..,..,..,29.50945,..,NAM
146,Nauru,..,..,..,..,..,..,..,..,..,..,..,..,..,..,..,..,..,..,..,..,..,..,..,..,..,..,..,..,20.73107,22.6024,22.58417,22.53358,20.1906,23.61952,21.89208,21.19148,19.60508,18.12627,..,..,..,..,..,..,..,..,..,..,..,NRU
147,Nepal,..,..,..,..,..,..,..,..,..,..,..,..,..,..,..,..,..,..,..,..,..,..,..,..,..,..,..,..,..,..,..,..,..,..,..,..,..,..,..,..,..,..,11.61972,..,23.12812,..,28.594,..,..,NPL
148,Netherlands,..,..,..,..,..,..,..,..,..,..,..,..,..,..,..,..,..,..,..,..,..,..,..,..,..,..,..,..,..,..,..,..,..,..,..,..,..,..,..,..,..,26.74687,23.62669,..,26.33568,23.85093,15.46172,13.75117,..,NLD
149,Netherlands Antilles,..,..,..,..,..,..,..,..,..,..,..,..,..,..,..,..,..,..,..,..,..,..,..,..,..,2.32518,1.50575,2.82599,..,1.27842,..,..,2.19773,2.77829,2.40387,2.95238,1.74219,1.98978,2.5356,3.1823,2.9003,2.0796,2.34426,..,..,0.28451,0.12698,..,..,
150,New Caledonia,..,..,..,..,..,..,..,..,..,..,..,..,..,..,..,..,..,..,..,..,..,..,..,..,..,..,..,..,..,..,..,..,..,..,..,..,..,..,..,..,..,..,..,..,..,..,..,..,..,NCL
151,New Zealand,..,..,..,..,..,..,..,..,..,..,..,..,..,..,..,..,..,..,..,..,..,..,..,..,..,..,..,..,..,..,..,..,..,..,..,..,..,..,..,..,..,..,..,..,..,..,..,..,..,NZL
152,Nicaragua,..,..,..,..,..,..,..,..,..,..,..,..,..,..,..,..,..,..,..,..,12.13284,..,..,..,..,..,..,..,..,..,..,..,..,..,..,..,..,..,..,..,..,..,..,3.32867,3.2828,2.73757,2.00848,1.25117,..,NIC
153,Niger,..,..,..,..,..,..,..,..,..,..,..,..,..,..,..,..,..,..,..,..,..,..,..,..,..,..,..,..,..,..,35.71801,44.79489,41.22833,..,38.44831,35.5788,18.89415,..,..,..,18.82126,..,..,..,..,..,..,..,..,NER
154,Nigeria,..,..,..,..,..,..,..,..,..,..,..,..,..,..,..,..,..,..,..,..,..,..,..,..,..,..,..,..,..,93.42951,..,93.21328,93.12282,92.98561,92.03826,89.62711,..,87.85481,88.11843,88.57821,86.95091,87.10636,..,..,81.67289,80.09694,..,76.70406,..,NGA
155,Niue,..,..,..,..,..,..,..,..,..,..,..,..,..,..,..,..,..,..,..,..,..,..,..,..,..,..,..,..,..,..,..,..,..,..,..,..,..,..,..,..,..,..,..,..,..,..,..,..,..,NIU
156,Norfolk Island,..,..,..,..,..,..,..,..,..,..,..,..,..,..,..,..,..,..,..,..,..,..,..,..,..,..,..,..,..,..,..,..,..,..,..,..,..,..,..,..,..,..,..,..,..,..,..,..,..,NFK
157,Northern Mariana Islands,..,..,..,..,..,..,..,..,..,..,..,..,..,..,..,..,..,..,..,..,..,..,..,..,..,..,..,..,..,..,..,..,..,..,..,..,..,..,..,..,..,..,..,..,..,..,..,..,..,MNP
158,Norway,..,..,..,..,..,..,..,..,..,..,..,..,..,..,..,..,..,..,..,..,..,..,..,..,..,..,..,..,..,..,..,..,..,..,..,..,..,..,..,..,..,..,..,..,..,..,..,..,..,NOR
159,Oman,..,..,..,..,..,..,..,..,..,..,..,..,..,..,..,..,..,..,..,..,..,..,..,..,..,..,..,..,3.35409,4.24334,4.77538,5.07611,5.20368,4.94539,4.76804,4.22158,3.33858,2.16008,3.075,3.99267,4.51756,4.85401,4.80478,4.71949,4.33982,4.02023,3.77008,4.30586,..,OMN
160,Pakistan,..,..,..,..,..,..,..,..,..,..,..,..,87.83683,..,..,..,..,..,..,..,..,..,..,..,..,..,..,..,..,27.44272,24.46831,21.31086,20.71108,19.75687,..,..,..,..,..,13.0263,..,7.69825,5.66723,5.49512,..,5.4767,4.03775,8.17006,..,PAK
161,Palau,..,..,..,..,..,..,..,..,..,..,..,..,..,..,..,..,..,..,..,..,..,..,..,..,..,..,..,..,..,..,..,..,..,..,..,..,72.35495,70.5578,70.23114,69.36114,..,69.02017,68.11312,66.93245,63.88317,61.40157,59.36956,59.86423,..,PLW
162,Palestine,..,..,..,..,..,..,..,..,..,..,..,..,..,..,..,..,..,..,..,..,..,..,..,..,..,..,..,..,..,..,..,..,..,..,..,..,..,..,..,..,..,..,..,..,..,..,..,..,..,
163,Panama,..,..,..,..,..,..,..,..,..,..,..,..,..,..,..,..,..,..,..,..,..,..,..,..,..,..,..,..,..,23.04995,21.50512,19.25229,17.87841,15.81199,12.91327,10.41335,9.73063,9.95843,10.00776,11.59938,13.15923,14.17469,14.68744,15.03184,15.17887,14.21619,13.38165,11.88789,..,PAN
164,Papua New Guinea,..,..,..,..,..,..,..,..,..,..,..,..,..,..,..,..,..,..,..,..,..,..,..,..,..,..,..,..,..,30.12603,29.55727,27.34655,25.64323,..,26.13579,26.79658,..,..,24.3585,22.8099,23.06559,22.77876,..,19.10143,20.76474,20.13829,..,..,..,PNG
165,Paraguay,..,..,..,..,..,..,..,..,..,..,..,..,..,..,..,..,..,..,..,..,..,..,..,..,..,..,..,..,..,..,..,..,..,..,..,..,..,..,..,..,..,..,..,..,..,..,38.77254,..,..,PRY
166,Peru,..,..,..,..,..,..,..,..,..,..,..,..,..,..,..,..,..,..,..,..,..,..,..,..,..,..,..,..,..,31.22487,..,27.05848,26.68312,26.72673,24.80838,25.28887,25.53148,25.36064,24.30273,24.23372,23.88725,23.01041,21.81144,..,..,..,..,..,..,PER
167,Philippines,45.29746,..,..,..,..,..,..,..,..,..,..,30.62884,..,..,..,..,..,..,..,..,..,..,..,..,..,19.4566,..,..,15.0104,13.68249,13.34334,11.1111,12.812,..,13.72949,13.43941,11.68273,9.49995,8.47501,7.66814,7.16613,6.61471,..,..,..,..,..,..,..,PHL
168,Pitcairn,..,..,..,..,..,..,..,..,..,..,..,..,..,..,..,..,..,..,..,..,..,..,..,..,..,..,..,..,21.41137,21.34993,..,14.88486,13.2833,11.34103,10.18379,10.31099,10.55813,10.16398,9.35598,8.97437,..,..,..,..,6.52392,7.05132,..,..,..,PCN
169,Poland,..,..,..,..,..,..,..,..,..,..,..,..,..,..,..,..,..,..,..,..,..,..,..,..,..,..,..,..,..,..,..,..,..,..,..,..,..,..,..,..,..,..,..,..,..,..,..,..,..,POL
170,Portugal,..,..,..,..,..,..,..,..,..,..,..,..,..,..,..,..,..,..,..,..,..,..,..,..,..,..,..,..,..,6.95727,8.29035,6.20898,5.54241,5.47771,6.67808,5.62461,5.80702,6.26772,6.9812,7.6443,8.56311,8.96351,9.09048,7.94045,7.75855,6.28824,5.89367,..,..,PRT
171,Puerto Rico,..,..,..,48.10544,45.598,..,40.63732,..,41.29919,..,..,..,..,..,..,..,..,..,..,..,..,..,..,14.6922,10.40948,12.44156,..,..,..,7.34109,5.22592,10.15677,11.12489,9.61859,..,8.00824,7.82278,..,..,..,..,..,..,2.99017,2.43808,..,2.19166,..,..,PRI
172,Qatar,..,..,..,..,..,..,..,..,..,..,..,..,..,..,..,..,..,..,..,..,..,..,..,..,..,..,..,..,..,..,..,..,..,..,..,..,..,..,..,..,..,23.22087,22.08854,20.74136,19.56134,21.08917,26.46802,..,..,QAT
173,Republic of Korea,..,..,..,..,..,..,..,..,..,..,17.35071,..,..,18.30346,22.71645,21.07347,..,..,..,..,..,16.59321,..,..,..,..,..,..,17.96144,17.10521,..,..,16.84623,..,16.72884,11.56188,11.66186,12.14003,..,11.93683,7.37935,..,8.23227,10.37037,8.76413,7.30187,8.20146,12.17443,..,KOR
174,Republic of Moldova,..,..,..,..,..,..,..,..,..,..,..,..,..,..,..,..,..,..,..,..,..,..,..,..,..,..,3.53292,4.7864,5.3276,5.33138,6.11786,6.65036,5.35972,3.55343,1.96331,2.17009,3.82444,4.46223,5.01274,4.14571,4.42,3.26132,2.48076,1.97649,1.52487,1.11552,2.61532,..,..,MDA
175,Réunion,..,..,..,..,..,..,..,..,..,..,..,..,..,..,..,..,..,..,..,..,..,..,..,..,..,..,..,..,..,..,18.89265,16.4345,15.72135,14.58671,13.73675,13.84119,13.36788,15.84058,12.96268,18.0435,18.83507,20.02477,19.98566,20.81527,21.5888,22.15359,22.22999,20.93937,..,REU
176,Romania,..,..,..,..,..,..,..,..,..,..,..,..,..,..,..,..,..,..,..,..,..,..,..,..,..,..,..,..,..,..,..,..,..,..,..,..,..,..,..,..,..,..,..,..,..,..,..,..,..,ROU
177,Russian Federation,..,..,..,..,..,..,..,..,..,..,..,..,..,..,..,..,..,..,..,..,..,..,..,..,..,..,..,..,..,..,..,..,..,..,..,..,..,..,..,..,..,..,..,..,13.59207,14.67426,16.06527,..,..,RUS
178,Rwanda,..,..,..,..,..,..,..,..,..,..,..,..,..,..,..,..,..,..,..,..,..,..,..,..,..,..,..,..,..,..,..,..,..,..,..,..,..,..,..,..,..,..,..,3.96502,2.69894,..,..,..,..,RWA
179,Saint Helena,..,..,..,..,..,..,..,..,..,..,..,..,..,..,..,..,..,..,..,..,..,..,..,..,..,..,..,..,..,..,..,..,..,..,..,..,..,..,..,..,..,..,..,..,..,..,..,..,..,SHN
180,Saint Kitts and Nevis,..,..,..,..,..,..,..,..,..,..,..,..,..,..,..,..,..,..,..,..,..,..,..,..,..,..,..,..,..,..,..,..,..,..,..,..,..,..,..,..,..,..,..,..,..,..,..,..,..,KNA
181,Saint Lucia,..,..,..,..,..,..,..,..,..,..,..,..,..,..,..,..,..,..,..,..,..,..,..,..,..,..,..,..,..,..,..,..,..,..,..,..,..,..,..,..,..,..,..,..,..,..,..,..,..,LCA
182,Saint Pierre and Miquelon,..,..,..,..,..,..,..,..,..,..,..,..,..,..,..,..,..,..,..,..,..,..,..,..,..,..,..,..,..,26.15549,20.80958,23.30197,26.99624,24.87805,34.13832,20.2003,14.35615,13.15667,14.08235,11.56254,13.41101,13.81016,13.76892,15.28197,..,21.05997,18.30537,15.15283,..,SPM
183,Saint Vincent and the Grenadines,..,..,..,..,..,..,..,..,..,..,..,..,..,..,..,..,..,..,..,..,..,..,..,..,..,..,..,..,..,..,..,..,..,..,..,..,..,..,..,..,..,..,..,..,..,..,..,..,..,VCT
184,Saint-Barthélemy,..,..,..,..,..,..,..,..,..,..,..,..,..,..,..,..,..,..,..,..,..,..,..,..,..,..,..,..,..,..,4.09075,23.1993,11.57614,14.38011,13.30275,12.7028,..,..,3.21247,4.63138,9.14797,..,..,13.30376,12.34118,8.46251,8.25845,7.73983,..,
185,Saint-Martin (French part),..,..,..,..,..,..,..,..,..,..,..,..,..,..,..,..,..,..,..,..,..,..,..,..,..,..,..,..,..,..,..,..,..,..,..,..,..,..,..,..,..,..,..,..,..,..,..,..,..,
186,Samoa,..,..,..,..,..,..,..,..,..,..,..,..,..,..,..,..,..,..,..,..,..,..,..,..,..,..,..,..,..,..,..,..,..,..,..,..,..,..,..,..,..,..,..,..,..,..,..,..,..,WSM
187,San Marino,..,..,..,..,..,..,..,..,..,..,..,..,..,..,..,..,..,..,..,..,..,..,..,..,..,..,..,..,22.01629,19.33757,24.74456,21.96093,..,..,..,..,..,..,..,8.32504,7.26568,7.1922,8.87125,..,7.01163,10.62891,10.71236,..,..,SMR
188,Sao Tome and Principe,..,..,..,..,..,..,..,..,..,..,..,..,..,..,..,..,..,..,..,..,..,..,..,..,..,..,..,..,..,..,..,..,..,..,..,..,..,..,..,..,..,..,..,..,..,..,..,..,..,STP
189,Saudi Arabia,..,..,..,..,..,..,..,..,..,..,..,..,..,..,..,..,..,..,..,..,..,..,..,..,..,..,..,..,..,..,..,..,..,46.69686,50.54768,43.64214,..,26.58106,26.81028,25.32365,28.31995,..,..,21.47823,19.01152,11.70054,..,..,..,SAU
190,Senegal,..,..,..,..,..,..,..,..,..,..,..,..,..,..,..,..,..,..,..,..,..,..,..,..,..,..,..,..,..,..,..,..,..,..,..,..,..,..,..,13.92103,..,..,..,7.1308,..,..,..,..,..,SEN
191,Serbia,..,..,..,..,..,..,..,..,..,..,..,..,..,..,..,..,..,..,..,..,..,..,..,..,..,..,..,..,..,..,..,..,..,..,74.65037,69.54218,70.1209,..,..,..,..,..,..,..,..,..,..,52.18489,..,SRB
192,Seychelles,..,..,..,..,..,..,..,..,..,..,..,..,..,..,..,..,..,..,..,..,..,..,..,..,..,..,..,..,..,..,..,..,..,..,..,..,..,..,8.45485,7.79554,8.21195,5.198,4.66086,4.66025,5.96393,4.60752,5.25949,5.70638,..,SYC
193,Sierra Leone,..,..,..,..,..,..,..,..,..,..,..,..,..,..,..,..,..,..,..,..,..,..,..,..,..,..,..,..,8.80344,35.32069,34.81308,20.67273,22.36818,20.7294,20.07737,17.18533,..,18.07253,19.61974,21.16878,23.57673,55.42831,..,17.48996,..,..,..,..,..,SLE
194,Singapore,..,..,..,..,..,..,..,..,..,..,..,..,..,..,..,..,..,..,..,..,..,..,..,..,..,..,..,..,..,..,..,..,..,..,..,..,..,..,..,..,..,..,..,59.23936,..,54.85513,..,52.38369,..,SGP
195,Sint Maarten (Dutch part),..,..,..,..,..,..,..,..,..,..,..,..,..,..,..,..,..,..,..,..,..,..,..,..,..,..,..,..,..,..,..,..,..,..,..,..,..,..,..,..,..,..,..,..,..,..,0.06596,..,..,SXM
196,Slovakia,..,..,..,..,..,..,..,..,..,..,..,..,..,..,..,..,..,..,..,..,..,..,..,..,..,..,..,..,..,..,..,..,..,..,..,..,..,..,..,..,..,..,..,..,..,..,..,..,..,SVK
197,Slovenia,..,..,..,..,..,..,..,..,..,..,..,..,..,..,..,..,..,..,..,..,..,..,..,..,..,..,..,..,..,..,..,..,7.5344,6.41323,5.54777,6.21288,7.02626,7.35269,7.77545,7.68796,7.49782,7.66516,7.98825,8.57486,8.35504,7.57532,7.12481,..,..,SVN
198,Solomon Islands,..,..,..,..,..,..,..,..,..,..,..,..,..,..,..,..,..,..,..,..,..,..,..,..,..,..,..,..,8.26319,6.94734,5.60517,5.50972,5.48482,5.49211,6.40041,5.92086,4.8888,5.38468,5.25498,4.4931,3.92186,3.96889,3.94703,3.0123,3.68276,2.02003,3.12835,..,..,SLB
199,Somalia,..,..,..,..,..,..,..,..,..,..,..,..,..,..,..,..,..,..,..,..,..,..,..,..,..,..,..,..,..,..,..,..,..,..,..,..,45.59809,46.75598,..,..,..,..,..,..,..,..,..,..,..,SOM
200,South Africa,..,..,..,..,..,..,..,85.34919,85.28138,85.24296,86.49383,..,..,..,..,..,..,..,..,..,..,..,..,..,..,..,..,..,..,..,..,..,..,..,..,..,..,..,..,..,..,..,..,..,..,..,..,..,..,ZAF
201,South Sudan,..,..,..,..,..,..,..,..,..,..,..,..,..,..,..,..,..,..,..,..,..,..,..,..,19.40187,..,..,..,..,21.90273,22.89659,23.21855,19.72837,18.02197,17.19957,16.73039,..,..,..,..,..,..,..,..,..,14.35675,..,..,..,SSD
202,Spain,..,..,..,..,..,..,..,..,..,..,..,..,..,..,..,..,..,..,..,..,..,..,..,..,..,..,..,..,..,..,..,..,..,..,..,..,..,..,..,..,..,66.71674,..,..,..,72.02582,..,..,..,ESP
203,Sri Lanka,..,..,..,41.34798,..,..,..,..,..,..,..,..,..,..,..,..,..,..,..,..,..,..,..,..,..,..,..,..,..,9.02419,7.48101,5.99518,5.21534,4.90217,4.26441,3.59399,3.31932,3.12449,3.18545,2.87998,2.42545,2.47406,2.11315,1.70725,1.35129,0.73546,0.36579,..,..,LKA
204,Sudan,..,..,..,..,..,..,..,..,..,..,..,..,..,..,..,..,..,..,..,..,..,..,..,..,..,..,..,..,..,..,..,..,..,..,..,..,..,..,..,..,13.25295,12.15253,..,..,..,..,..,8.76678,..,SDN
205,Sudan (pre-secession),..,..,..,..,..,..,..,..,..,..,..,..,..,..,..,..,..,..,..,..,..,..,..,..,..,..,..,..,..,..,..,..,..,..,..,..,..,..,..,..,..,57.94952,..,..,..,..,..,..,..,
206,Suriname,..,..,..,..,..,..,..,..,..,..,..,..,..,..,..,..,..,..,..,..,..,..,..,..,..,..,..,..,..,..,..,..,..,..,..,..,..,..,..,..,..,..,..,..,..,..,..,..,..,SUR
207,Svalbard and Jan Mayen Islands,..,..,..,..,..,..,..,..,..,..,..,..,..,..,..,..,..,..,..,..,..,..,..,..,..,..,..,..,..,..,..,..,..,..,..,..,..,..,..,33.793,29.21078,28.24847,26.89233,25.13007,23.94445,19.67564,..,..,..,SJM
208,Sweden,..,..,..,..,..,..,..,..,..,..,..,..,..,..,..,..,..,..,..,..,..,..,..,..,..,..,..,..,..,..,..,..,..,..,..,..,..,..,..,..,..,..,..,..,..,..,..,..,..,SWE
209,Switzerland,..,..,..,..,..,..,..,..,..,..,..,..,..,..,..,..,..,..,..,..,..,..,..,..,..,..,..,..,..,1.96803,2.51885,4.16406,2.36494,2.07106,0.83527,1.64519,1.19573,1.43201,3.01387,4.63906,6.55984,8.0003,7.16963,5.24394,4.13565,1.47907,..,..,..,CHE
210,Syrian Arab Republic,..,..,..,..,..,..,..,..,..,..,..,..,..,..,..,..,..,..,..,..,..,..,..,..,..,..,..,..,..,16.71116,16.26393,15.47966,14.63857,14.53712,14.47933,13.93734,13.52085,13.38961,..,..,..,..,..,..,..,11.94422,11.6029,..,..,SYR
211,Tajikistan,..,..,..,..,..,..,..,..,..,..,..,..,..,..,..,..,..,..,..,..,..,..,..,..,..,..,..,..,58.86438,58.76087,58.09459,56.1191,55.98578,39.64031,36.78559,32.43737,33.94364,31.17739,30.24043,29.26762,28.64442,27.05915,25.01882,51.99706,..,..,..,..,..,TJK
212,Thailand,..,..,..,..,..,..,..,..,..,..,..,..,..,..,..,..,..,..,..,..,..,..,..,..,..,..,..,..,..,41.04584,34.90958,33.29052,30.58385,..,26.5397,26.16497,25.74004,25.35003,22.25007,21.70908,21.52944,20.69905,..,..,..,..,..,..,..,THA
213,The former Yugoslav Republic of Macedonia,..,..,..,..,..,..,..,..,..,..,..,..,..,..,..,..,..,..,..,..,..,..,..,..,..,..,..,..,..,..,..,..,..,..,..,..,25.86269,19.82213,22.13846,17.68611,..,..,..,..,12.73757,17.28486,..,..,..,
214,Timor-Leste,..,..,..,..,..,..,..,..,..,..,..,..,..,..,..,..,..,..,..,..,..,..,..,..,..,..,..,..,..,..,..,..,..,..,..,20.67324,..,..,..,..,..,..,..,..,..,..,..,..,..,TLS
215,Togo,..,..,..,..,..,..,..,..,..,..,..,..,..,..,..,..,..,..,..,..,..,..,..,..,..,..,..,..,..,..,..,..,..,..,..,..,..,..,38.78199,34.83693,33.21004,32.02038,32.05291,32.3394,29.49083,25.5747,21.42556,18.97799,..,TGO
216,Tokelau,..,..,..,..,..,..,..,..,..,..,..,..,..,..,..,..,..,..,..,..,..,..,..,..,..,..,..,..,..,65.30893,..,..,..,..,..,..,..,..,..,..,..,..,..,..,..,..,..,43.07798,..,TKL
217,Tonga,..,..,..,..,..,..,..,..,..,..,..,..,..,..,..,..,..,..,..,..,..,..,..,..,..,..,..,..,..,..,..,..,..,..,..,..,..,..,..,..,..,..,..,..,..,..,37.37374,..,..,TON
218,Trinidad and Tobago,..,..,..,..,..,..,..,..,..,..,..,..,..,..,..,..,..,..,..,..,..,..,..,..,..,..,..,..,5.62135,..,..,12.07614,..,..,..,..,..,..,..,..,..,..,11.92214,16.13892,14.70663,17.05282,..,..,..,TTO
219,Tunisia,..,..,..,..,..,..,..,..,..,..,..,..,..,..,..,..,..,..,..,..,..,..,..,..,..,..,..,..,..,..,..,..,..,..,16.89411,..,..,..,..,..,..,..,..,..,..,..,..,..,..,TUN
220,Turkey,..,..,..,..,..,..,..,..,..,..,..,..,..,..,..,..,..,..,..,..,..,..,..,..,..,..,..,..,..,..,..,..,..,..,..,..,..,..,..,..,..,..,..,..,..,..,..,..,..,TUR
221,Turkmenistan,..,..,..,..,..,..,..,..,..,..,..,..,..,..,..,..,..,..,..,..,..,..,..,..,..,..,..,..,..,45.0166,40.00223,36.00539,34.9251,32.66512,30.19173,27.88946,25.78464,24.16944,22.90048,22.88944,18.00512,14.07363,16.08039,11.26615,10.62276,12.31668,13.371,..,..,TKM
222,Turks and Caicos Islands,..,..,..,..,..,..,..,..,..,..,..,..,..,..,..,..,..,..,..,..,..,..,..,..,..,..,..,..,..,..,..,..,..,..,..,..,..,..,..,..,..,..,..,..,..,..,..,..,..,TCA
223,Tuvalu,..,..,..,..,..,..,..,..,..,..,..,..,..,..,..,..,..,..,..,..,..,..,..,..,..,..,..,..,..,..,..,..,..,..,..,..,..,..,..,..,..,..,..,..,..,..,..,..,..,TUV
224,Uganda,..,..,..,..,..,..,..,..,..,..,..,..,..,..,..,..,..,..,..,..,..,..,..,..,..,..,..,..,..,..,..,..,..,..,..,..,..,..,..,..,..,..,..,..,17.60243,23.51097,20.87379,..,..,UGA
225,Ukraine,..,..,..,..,..,..,..,..,..,..,..,..,..,..,..,..,..,..,..,..,..,..,..,..,..,..,..,..,..,..,..,..,..,..,..,..,..,..,..,..,..,..,..,..,..,..,..,..,..,UKR
226,United Arab Emirates,..,..,..,..,..,..,..,..,..,..,..,..,..,..,..,..,..,..,..,..,..,..,..,..,..,..,..,..,..,..,..,..,1.43333,0.64879,1.49059,5.76585,2.68726,3.32335,3.69121,3.84054,4.76777,5.17189,4.66375,3.95014,2.88738,..,..,..,..,ARE
227,United Kingdom of Great Britain and Northern Ireland,..,..,..,..,..,..,..,..,..,..,48.95475,41.96167,38.96955,..,..,..,..,..,..,..,..,..,..,..,..,..,..,..,22.24024,..,..,..,..,..,..,..,..,..,..,..,..,..,..,..,..,..,8.92504,..,..,GBR
228,United Republic of Tanzania,..,..,22.77538,22.22974,16.75105,16.97638,15.50224,16.12624,17.1436,17.91499,..,19.77371,18.9462,..,..,..,..,..,..,..,..,..,..,..,..,..,..,..,5.62936,4.42181,4.66046,4.38687,3.20021,2.90042,1.47903,1.39451,4.15426,5.73376,4.93743,3.88902,3.15065,5.19892,7.32862,3.79681,1.21505,0.54917,1.00695,..,..,TZA
229,United States of America,..,..,..,..,..,..,..,..,..,..,..,..,..,..,..,..,..,..,..,..,..,..,..,..,..,..,..,..,..,..,..,..,..,..,..,..,..,..,..,..,..,..,..,..,..,..,..,..,..,USA
230,United States Virgin Islands,..,..,..,..,..,..,..,..,..,..,..,..,..,..,..,..,..,..,..,..,..,..,..,6.04862,5.53286,..,..,..,..,..,..,..,..,..,..,..,..,..,..,..,..,..,..,4.40744,3.86221,..,..,..,..,VIR
231,Uruguay,..,..,..,..,..,..,..,..,..,..,..,..,..,..,..,..,..,..,..,..,..,..,..,..,..,..,..,..,..,..,..,..,..,..,..,..,..,..,..,..,..,..,..,..,..,..,..,..,..,URY
232,Uzbekistan,..,..,..,..,..,..,..,..,..,..,..,..,..,..,..,..,..,..,..,..,..,..,..,..,..,..,..,..,..,..,..,..,..,..,..,..,..,14.94047,14.96968,12.97691,..,..,..,..,9.50255,9.23999,8.65711,..,..,UZB
233,Vanuatu,..,..,..,..,..,..,..,..,..,..,..,..,..,..,..,..,..,..,..,..,..,..,..,..,..,..,..,..,..,..,..,..,..,..,..,..,..,..,..,..,13.6871,13.15299,11.60651,11.48864,11.717,11.18853,10.28234,9.49598,..,VUT
234,Venezuela (Bolivarian Republic of),..,..,..,..,..,..,..,..,..,..,..,..,..,..,..,..,..,..,..,..,..,..,..,..,..,..,..,..,..,55.68316,47.36662,49.7639,46.87811,43.74145,41.8169,..,..,..,..,..,..,..,..,..,..,19.58532,..,..,..,VEN
235,Viet Nam,..,..,..,..,..,..,..,..,..,..,..,..,..,..,..,..,..,..,..,..,..,..,..,..,..,..,..,..,..,32.36468,31.58074,28.59823,26.48961,25.79706,23.95061,21.23546,19.04054,16.12258,16.34715,14.95425,15.60559,15.01742,11.96548,10.15092,13.83746,16.45719,18.37271,19.53462,..,VNM
236,Wallis and Futuna Islands,..,..,..,..,..,..,..,..,..,..,..,..,..,..,..,..,..,..,..,..,..,..,..,..,..,..,..,..,..,..,..,..,..,..,..,..,..,..,..,..,..,..,..,..,..,..,..,..,..,WLF
237,Western Sahara,..,..,..,..,..,..,..,..,..,..,..,..,..,..,..,..,..,..,..,..,..,..,..,..,..,..,..,..,..,..,..,..,..,..,..,..,..,..,..,..,..,..,..,..,..,..,..,..,..,ESH
238,Yemen,..,..,..,..,..,..,..,..,..,..,..,..,..,..,..,..,..,..,..,..,..,..,..,..,..,..,..,..,..,..,..,..,..,..,..,..,..,..,..,..,..,..,..,..,..,..,..,..,..,YEM
239,Zambia,..,..,..,..,..,..,..,..,..,..,..,..,..,..,..,..,..,..,..,..,..,..,..,..,..,..,..,..,..,69.98308,..,..,..,..,..,..,..,..,..,..,61.63667,..,58.33942,52.95316,..,..,51.11321,..,..,ZMB
240,Zimbabwe,..,..,..,..,..,..,..,..,..,..,..,..,..,..,..,..,..,..,..,..,..,..,..,..,..,..,..,..,..,..,..,..,..,..,..,..,..,..,..,..,..,..,..,..,..,..,..,..,..,ZWE
241,World,..,..,..,..,..,..,..,..,..,..,..,..,..,..,..,..,..,..,..,..,..,..,..,..,..,..,..,..,..,43.85681,44.39615,43.74817,47.73991,51.89636,..,..,..,..,..,..,..,..,41.88811,40.00784,..,..,..,..,..,
242,Landlocked Developing Countries,44.70266,44.14737,43.63175,42.58803,43.23387,42.73072,41.74756,40.85667,41.20912,41.54776,42.09317,42.65818,43.31921,43.77341,44.02766,43.76448,43.59507,43.14976,43.17261,43.47401,43.52195,43.04982,42.44847,41.63028,41.29766,40.86428,40.09774,39.90077,40.35104,40.32654,39.56791,38.77082,37.3998,35.4632,34.60452,34.07572,33.28123,32.18033,31.06158,30.33141,29.15793,28.22942,27.4068,26.84434,26.66685,26.40203,26.09278,25.90122,..,
243,Least Developed Countries,57.06336,57.19273,56.76746,56.33992,56.19428,55.77364,55.7922,55.94575,55.78164,55.76197,55.99622,55.69523,55.94728,56.18301,55.83089,55.99979,56.04758,55.83976,55.6954,56.16084,56.45543,56.72702,57.79361,58.08789,58.54844,58.45736,58.80909,58.41987,58.03323,56.96397,56.69158,55.46166,53.40243,51.54236,50.00859,49.28808,47.42973,46.72252,45.21604,45.0413,43.4896,43.72525,42.66972,44.17362,45.24035,45.26982,44.74234,43.54726,..,
244,Small Island Developing States,67.78095,68.02866,67.76546,67.46976,67.3133,66.79678,66.59857,66.38494,65.91421,65.46852,65.23725,64.87232,64.21944,64.80565,64.94697,65.24061,65.41727,65.18415,64.88111,64.93037,64.97512,64.77887,65.41295,65.11314,65.4614,64.59703,64.46067,64.11496,66.81447,65.87464,65.04033,64.38646,62.27966,60.82286,60.04078,59.74496,57.7842,56.35341,54.64748,52.99984,51.38169,50.73994,49.24635,48.89412,48.5064,47.63231,46.54605,45.68311,..,
245,Africa (Sub-Saharan) ,40.40696,40.69347,43.80516,42.88683,42.07791,38.15408,36.83648,35.06916,35.25516,36.42682,34.9667,35.2226,35.48041,34.38501,33.87764,33.71387,34.39025,35.00872,34.76958,33.5457,35.33471,35.17466,35.66878,35.59208,35.80724,35.41774,34.05432,32.24077,32.65617,31.46467,30.15688,28.09021,26.79962,26.69236,26.73485,25.65254,24.79634,24.51741,25.07564,26.55246,24.45331,23.46222,22.29986,21.34972,20.38125,20.467,20.38457,19.99517,..,
246,Western Asia and Northern Africa,67.88267,68.22726,67.92031,67.57006,67.30409,66.76299,66.33451,66.04543,65.30052,64.60033,64.04815,63.1075,61.76031,61.90338,61.56194,61.31083,63.0232,62.76224,62.67791,63.6013,63.52268,63.54424,64.25162,64.23186,64.91609,63.88454,63.80266,63.73194,62.95662,62.33143,61.40839,60.70693,59.28648,58.42406,56.99894,55.86138,54.77352,54.52526,52.47053,50.95696,49.2326,48.70884,48.46956,48.4108,48.44102,48.19241,48.40376,47.79567,..,
247,Africa (Northern),57.49564,58.51367,57.42626,57.16514,56.94534,55.9465,55.24652,54.41118,54.21397,54.65919,53.29195,52.67707,53.14069,53.10107,53.52468,50.89501,51.2706,49.60863,49.14971,49.13173,48.5818,47.96603,48.20659,46.97373,46.78239,46.46417,46.08948,45.14465,43.46129,41.51909,39.76891,37.93173,36.86496,35.33068,33.77082,32.63365,31.98912,31.60978,30.577,28.87837,27.59885,26.09211,25.16457,25.61452,25.16152,25.19608,25.1194,25.0921,..,
248,Asia (Western),61.18838,61.95529,61.39609,60.97584,60.59659,59.75322,58.92978,58.07265,58.21067,57.71254,57.36487,56.06403,55.19308,55.16184,56.26612,53.45023,51.8485,50.52404,49.99495,49.83784,47.54157,47.06867,47.75403,47.37709,46.17873,46.12134,44.93817,43.1175,41.5785,39.53098,38.38027,37.30712,36.19719,36.0119,34.40522,33.69385,33.23165,33.67184,32.05117,29.14151,28.41314,27.15012,24.87496,24.52461,25.09992,24.49604,23.92137,23.4286,..,
249,Asia (Central and Southern),53.42606,54.69917,53.01184,52.9228,52.88184,51.71075,51.14967,50.35824,49.80794,51.30274,48.82796,48.97739,50.91834,50.88915,50.60674,48.19708,50.66497,48.65853,48.2787,48.42703,49.62795,48.83937,48.64642,46.58161,47.37097,46.79824,47.21103,47.12413,45.30755,43.47534,41.13715,38.54952,37.52109,34.68935,33.17653,31.64921,30.85277,29.70353,29.24076,28.65647,26.92532,25.23201,25.3964,26.44143,25.20941,25.73871,26.04621,26.38516,..,
250,Asia (Central),64.27649,64.27333,63.87176,63.55665,63.31004,63.11173,63.06077,62.93654,62.92242,62.71879,62.4002,62.04963,61.66947,61.01349,60.56553,60.21971,59.84042,59.85162,59.74842,59.57209,58.81796,57.9389,57.04563,56.18606,55.95633,56.17512,55.63342,55.75509,58.2871,59.20026,58.29422,57.68069,56.04331,53.14905,51.88578,50.56814,49.05649,47.33773,45.21516,44.51331,41.951,39.89562,37.45797,35.70357,35.09912,34.71239,34.02797,33.99178,..,
251,Asia (Southern),11.51433,11.59426,11.65046,11.6962,11.74215,11.80116,11.89503,12.0518,12.2233,12.39112,12.52757,12.61022,12.5115,12.38173,12.236,12.09739,11.98419,12.22179,12.46754,12.71144,13.03031,13.45152,13.74286,14.40116,14.97338,15.14677,15.64516,15.86513,16.5492,16.65648,15.88652,11.56339,11.17283,10.61065,10.78922,12.43407,12.10049,12.45973,12.83867,12.98826,13.19506,12.95395,12.14251,12.61126,12.29133,11.77553,11.09067,10.4235,..,
252,Asia (Eastern and South-eastern),66.82905,66.8899,66.525,66.2274,65.97943,65.76385,65.68356,65.50394,65.41592,65.1368,64.73662,64.31393,63.88159,63.16494,62.67636,62.30518,61.90512,61.89144,61.75518,61.54285,60.72753,59.78244,58.82813,57.89537,57.62255,57.82702,57.20878,57.32842,59.9345,60.89175,59.99724,59.55397,57.88565,54.90711,53.58934,52.24563,50.67407,48.85071,46.59816,45.83238,43.12412,40.96398,38.42898,36.56549,35.93567,35.5326,34.834,34.81575,..,
253,Asia (Eastern),47.48199,44.68299,43.2035,39.6454,42.3298,40.78977,37.57911,35.39363,36.75765,37.23683,39.73978,41.31191,43.65183,45.05206,45.78894,45.35347,44.6219,43.09158,43.04335,43.34912,43.54583,42.62892,40.97927,39.28958,38.04984,36.30786,34.01154,33.07021,32.28687,31.80431,30.98546,29.97758,27.87553,24.98288,24.08519,24.21162,23.15827,20.31523,19.51564,18.05405,16.88421,15.5452,14.75819,14.75191,14.25213,13.21872,12.21958,11.42038,..,
254,Asia (South-eastern),45.66409,41.65878,36.80823,32.85995,34.1404,33.91777,29.96068,27.4129,31.52117,33.57066,37.03272,39.19984,42.34614,44.32596,45.27473,44.84078,44.00528,42.78736,42.17001,42.52976,42.55548,41.26901,39.1995,36.9077,35.33098,32.83384,30.30371,29.23646,28.64653,28.0596,27.16751,26.2928,24.64482,21.94059,21.41742,20.71106,19.34808,16.68328,14.91353,13.01695,11.45146,10.47414,9.98481,9.79133,9.65377,9.6089,8.94858,8.48134,..,
255,Latin America and the Caribbean,52.24512,52.12597,58.21525,55.17944,60.99204,56.59894,54.9159,57.25669,53.54924,48.95914,48.56709,48.31172,48.02721,47.48556,47.49783,47.03147,46.5938,44.03423,45.64519,45.68364,46.22712,46.11081,45.2813,44.7852,44.10796,43.84893,41.93199,41.34156,40.26228,40.21446,39.87472,38.95026,36.02476,32.78535,30.9018,32.93082,32.18192,28.42518,29.19331,28.08895,27.1979,24.77982,23.17632,23.27925,21.97516,19.17671,17.56012,16.1919,..,
256,Oceania,28.61212,28.45262,28.43558,27.30939,27.86004,27.01847,25.40067,24.74167,24.5739,24.49108,24.24105,24.0704,23.70588,23.27148,22.96988,22.91377,22.55444,22.83598,23.10911,23.2822,23.75261,23.46816,23.14504,23.21162,23.00245,22.33578,21.59142,21.29425,20.50637,19.85241,19.13481,18.30167,17.31733,17.38833,16.63197,16.35708,15.52303,15.3614,13.72914,14.00027,13.78527,14.06916,14.79708,13.37744,13.6089,14.06658,13.7328,13.76265,..,
257,Oceania (Australia/New Zealand),31.29172,30.91007,30.50803,30.18417,29.84348,29.30925,28.96243,28.74767,26.68037,28.59118,28.43862,28.17905,27.88173,27.49391,27.2428,27.15937,27.0949,27.18279,27.24042,24.98455,27.5905,27.63033,27.58224,25.90374,22.81742,25.9191,24.89709,21.88595,24.11781,23.69326,23.28045,22.45137,21.29808,20.4586,19.82595,19.14753,18.5046,18.05195,17.57221,16.89077,16.47188,16.04469,15.85508,15.41019,14.87736,14.33629,13.7099,13.76535,..,
258,Oceania (excl. Australia/New Zealand),20.94159,20.57747,20.23227,19.82573,19.33547,18.69057,18.09241,17.58811,17.32417,16.78884,16.27079,15.59924,14.87916,14.0547,13.45496,12.9732,12.50913,12.3154,11.84569,11.46785,10.61877,9.74867,8.91303,6.04949,5.32996,5.00564,3.82429,3.11261,3.06703,3.05698,2.94933,2.77537,2.25126,1.81599,1.81836,1.49616,1.50342,1.29855,1.26288,0.78981,0.87228,0.85001,0.9382,0.97434,0.86201,0.72008,0.75859,0.7572,..,
259,Northern America and Europe,67.38487,67.01716,66.28626,65.88902,65.56602,64.85096,64.82185,65.01573,56.55268,65.44552,65.44603,65.65464,65.85337,66.03927,66.09572,66.54909,66.95478,66.95744,67.27591,58.8695,68.26239,67.94802,68.05741,67.57516,58.59804,67.94912,66.73418,58.24237,64.7421,63.33085,62.21183,60.33796,58.098,56.5074,54.6,53.14101,51.16487,49.8456,47.90833,46.04043,43.93176,42.37309,41.14869,39.36909,37.63228,35.98928,34.14852,34.2391,..,
260,Europe,14.8535,14.95979,14.84433,14.86714,14.17929,14.10289,14.0115,13.71438,13.7549,14.41615,12.95423,13.21684,12.62763,12.38778,12.02334,11.91791,11.43131,11.67058,11.09284,11.07098,11.07624,10.88154,10.42664,9.35213,8.57547,8.71467,8.45776,8.59259,8.88696,8.65576,8.60652,7.66242,7.73259,6.8791,7.15469,6.24566,6.39982,6.81193,6.67646,5.92244,6.26945,6.01267,5.83367,5.26637,4.75953,4.0017,3.82609,3.78641,..,
261,Northern America ,15.77346,15.90313,15.88354,15.90109,14.94901,14.82153,14.69685,14.27154,14.21726,13.98902,13.91928,14.02474,13.79694,13.5342,13.38947,13.10933,12.62271,12.2436,12.07306,11.89045,11.74383,11.53135,11.32874,10.31133,9.44389,9.28165,9.06647,8.9827,9.1453,8.45581,8.60574,8.09284,7.44288,7.16182,7.31314,6.80231,6.91123,7.23151,6.84578,6.56778,6.35539,6.74421,6.50874,5.54893,5.0132,4.41244,4.33031,4.27413,..,
262,World,12.0826,12.1498,11.78427,11.84788,11.94444,12.02529,12.03619,12.10815,12.41769,15.65845,10.12155,10.80752,9.09014,8.86928,7.77361,8.16648,7.64554,9.8423,7.96641,8.46609,8.96653,8.83514,7.61008,6.38737,5.92365,7.00854,6.66857,7.46217,8.15575,9.2104,8.60865,6.51042,8.48789,6.16844,6.7653,4.92619,5.23204,5.88467,6.31261,4.56344,6.09157,4.51976,4.47508,4.70663,4.26271,3.20411,2.85199,2.83958,..,
263,Arab States,44.70266,44.14737,43.63175,42.58803,43.23387,42.73072,41.74756,40.85667,41.20912,41.54776,42.09317,42.65818,43.31921,43.77341,44.02766,43.76448,43.59507,43.14976,43.17261,43.47401,43.52195,43.04982,42.44847,41.63028,41.29766,40.86428,40.09774,39.90077,40.35104,40.32654,39.56791,38.77082,37.3998,35.4632,34.60452,34.07572,33.28123,32.18033,31.06158,30.33141,29.15793,28.22942,27.4068,26.84434,26.66685,26.40203,26.09278,25.90122,..,
264,Central and Eastern Europe,60.7438,62.12366,60.94142,60.71304,59.93266,59.13271,58.24466,57.1848,57.00167,57.46126,55.63434,54.56371,55.14085,55.03363,55.64049,52.2771,52.14628,50.26881,49.97025,49.86415,49.07521,48.82228,49.44733,48.44517,48.06083,47.87082,46.98793,45.74924,44.65578,43.33418,42.19652,40.98758,39.83636,38.24614,36.69293,35.68206,35.28494,35.00598,33.94429,31.94894,31.33574,30.24741,28.66259,30.67445,30.38061,30.00518,29.74754,29.78402,..,
265,Central Asia,17.40843,17.5944,17.53939,17.54396,17.9013,17.70273,17.77346,17.74555,17.75957,17.89418,17.95421,18.08859,18.16693,18.20723,18.15767,17.93787,18.20751,17.78603,17.51512,17.64708,17.83783,17.91347,18.24756,17.89632,17.95341,17.70921,17.48336,17.28101,16.42413,15.1972,14.42777,13.18079,12.57415,12.16123,12.6064,12.5799,12.54251,12.3872,12.00224,12.40102,11.17448,9.95448,9.67912,7.73692,7.20019,7.30647,7.67576,7.58721,..,
266,East Asia and the Pacific,11.07743,11.11651,11.11944,11.08745,11.09022,11.10524,11.16144,11.26647,11.38951,11.51538,11.54707,11.68847,11.61762,11.52743,11.42461,11.33295,11.26433,11.53803,11.81038,12.07063,12.38023,12.78398,13.19906,14.01076,14.54482,14.72691,16.22695,16.48368,17.13388,17.04359,16.40419,12.47233,11.96047,11.19922,11.10863,12.17689,11.77385,12.06244,12.3899,12.3538,12.44675,12.42015,11.69624,12.13658,11.77805,11.18455,10.29083,9.3443,..,
267,Latin America and the Caribbean,47.21654,44.45146,42.98804,39.49962,42.1358,40.61917,37.46206,35.32068,36.65017,37.15357,39.63355,41.18667,43.502,44.88559,45.61271,45.17991,44.45422,42.93873,42.88927,43.16101,43.38586,42.47435,40.83149,39.12411,37.85207,36.17138,33.89055,32.91129,32.17529,31.69645,30.88935,29.89352,27.80618,24.95054,24.0536,24.17118,23.11588,20.29839,19.50082,18.0538,16.89357,15.56826,14.79055,14.77548,14.2736,13.24777,12.25424,11.47134,..,
268,North America and Western Europe,28.61015,28.45065,28.43366,27.30745,27.85824,27.01675,25.39913,24.73989,24.57224,24.48942,24.23935,24.06886,23.7045,23.27022,22.96872,22.91268,22.55342,22.83499,23.10816,23.2813,23.75174,23.46738,23.14433,23.21094,23.00181,22.33521,21.5909,21.29376,20.50596,19.85208,19.13457,18.30155,17.31733,17.38829,16.63192,16.35711,15.52332,15.36171,13.72959,14.00071,13.78573,14.0697,14.79767,13.37822,13.60974,14.06739,13.73365,13.7635,..,
269,South and West Asia,17.12533,17.23891,17.05772,17.11758,16.01717,15.94313,15.82156,15.44118,15.54437,16.5674,14.44362,14.90806,14.07849,13.77649,13.29067,13.25402,12.64533,13.16991,12.35132,12.30659,12.24972,11.61136,10.49309,8.67582,7.39401,7.68802,7.47368,7.85888,8.41984,8.29899,8.15568,6.95942,7.46294,6.21446,6.08423,4.56586,4.74543,5.42392,5.44793,4.552,5.1582,4.94703,5.21111,4.89595,4.41192,3.64996,3.41808,3.39841,..,
270,Sub-Saharan Africa,66.82905,66.8899,66.525,66.2274,65.97943,65.76385,65.68356,65.50394,65.41592,65.1368,64.73662,64.31393,63.88159,63.16494,62.67636,62.30518,61.90512,61.89144,61.75518,61.54285,60.72753,59.78244,58.82813,57.89537,57.62255,57.82702,57.20878,57.32842,59.9345,60.89175,59.99724,59.55397,57.88565,54.90711,53.58934,52.24563,50.67407,48.85071,46.59816,45.83238,43.12412,40.96398,38.42898,36.56549,35.93567,35.5326,34.834,34.81575,..,
271,Small Island Developing States,67.82972,68.17415,67.8649,67.51357,67.24721,66.7041,66.2733,65.98162,65.22879,64.52399,63.96684,63.02216,61.66974,61.81684,61.47787,61.2279,62.95002,62.68889,62.60327,63.52992,63.44742,63.46772,64.18021,64.16208,64.85206,63.81736,63.74042,63.67319,62.89958,62.27573,61.34903,60.6516,59.22457,58.35682,56.9265,55.79546,54.69353,54.449,52.38111,50.87817,49.15836,48.64607,48.42677,48.35599,48.39509,48.15387,48.36246,47.74518,..,
272,Data extracted on 01 May 2019 01:09 UTC (GMT) from UIS.Stat,42.43047,42.70059,46.02596,44.97821,44.0473,39.75897,38.29057,36.37569,36.58403,37.81809,36.23712,36.50379,36.77458,35.59799,35.05038,34.86765,35.58181,36.24232,35.98853,34.68375,36.60564,36.43865,36.97462,36.89123,37.1113,36.67105,35.18956,33.24531,33.64637,32.35054,30.93845,28.72847,27.35502,27.23687,27.27626,26.12688,25.21776,24.92145,25.50579,27.05307,24.79739,23.46927,22.30572,21.37549,20.41683,20.43327,20.34255,19.9373,..,
273,Legend:,,,,,,,,,,,,,,,,,,,,,,,,,,,,,,,,,,,,,,,,,,,,,,,,,,
274,+:,,,,,,,,,,,,,,,,,,,,,,,,,,,,,,,,,,,,,,,,,,,,,,,,,,
275,a:,,,,,,,,,,,,,,,,,,,,,,,,,,,,,,,,,,,,,,,,,,,,,,,,,,
276,‡:,,,,,,,,,,,,,,,,,,,,,,,,,,,,,,,,,,,,,,,,,,,,,,,,,,
